folder,file,path,lon,lat,alt,dt
109MEDIA,DJI_0001.JPG,D:\drone\DCIM\109MEDIA\DJI_0001.JPG,-49.347194361111114,-27.39575536111111,553.759,2026:03:01 15:38:42
109MEDIA,DJI_0002.JPG,D:\drone\DCIM\109MEDIA\DJI_0002.JPG,-49.34719363888889,-27.395756416666668,553.759,2026:03:01 15:38:44
109MEDIA,DJI_0003.JPG,D:\drone\DCIM\109MEDIA\DJI_0003.JPG,-49.34719341666667,-27.395759527777777,553.659,2026:03:01 15:38:46
109MEDIA,DJI_0004.JPG,D:\drone\DCIM\109MEDIA\DJI_0004.JPG,-49.34718986111111,-27.3957615,557.359,2026:03:01 15:38:48
109MEDIA,DJI_0005.JPG,D:\drone\DCIM\109MEDIA\DJI_0005.JPG,-49.347190250000004,-27.39576222222222,562.759,2026:03:01 15:38:50
109MEDIA,DJI_0006.JPG,D:\drone\DCIM\109MEDIA\DJI_0006.JPG,-49.34718894444445,-27.395761611111112,563.859,2026:03:01 15:38:52
109MEDIA,DJI_0007.JPG,D:\drone\DCIM\109MEDIA\DJI_0007.JPG,-49.347188333333335,-27.39576175,563.959,2026:03:01 15:38:54
109MEDIA,DJI_0008.JPG,D:\drone\DCIM\109MEDIA\DJI_0008.JPG,-49.347188555555555,-27.395762027777778,563.959,2026:03:01 15:38:56
109MEDIA,DJI_0009.JPG,D:\drone\DCIM\109MEDIA\DJI_0009.JPG,-49.34718936111111,-27.395763638888887,563.959,2026:03:01 15:38:58
109MEDIA,DJI_0010.JPG,D:\drone\DCIM\109MEDIA\DJI_0010.JPG,-49.347150472222225,-27.395794444444444,563.959,2026:03:01 15:39:00
109MEDIA,DJI_0011.JPG,D:\drone\DCIM\109MEDIA\DJI_0011.JPG,-49.34709344444445,-27.395832833333333,563.959,2026:03:01 15:39:02
109MEDIA,DJI_0012.JPG,D:\drone\DCIM\109MEDIA\DJI_0012.JPG,-49.347092861111115,-27.395833472222222,563.859,2026:03:01 15:39:04
109MEDIA,DJI_0013.JPG,D:\drone\DCIM\109MEDIA\DJI_0013.JPG,-49.34709325,-27.395836305555555,563.859,2026:03:01 15:39:06
109MEDIA,DJI_0014.JPG,D:\drone\DCIM\109MEDIA\DJI_0014.JPG,-49.34709547222222,-27.39583786111111,563.959,2026:03:01 15:39:08
109MEDIA,DJI_0015.JPG,D:\drone\DCIM\109MEDIA\DJI_0015.JPG,-49.347133944444444,-27.395871055555556,563.959,2026:03:01 15:39:10
109MEDIA,DJI_0016.JPG,D:\drone\DCIM\109MEDIA\DJI_0016.JPG,-49.347215694444444,-27.395953694444444,563.959,2026:03:01 15:39:12
109MEDIA,DJI_0017.JPG,D:\drone\DCIM\109MEDIA\DJI_0017.JPG,-49.34728538888889,-27.39602213888889,563.959,2026:03:01 15:39:14
109MEDIA,DJI_0018.JPG,D:\drone\DCIM\109MEDIA\DJI_0018.JPG,-49.347352694444446,-27.396075749999998,563.959,2026:03:01 15:39:16
109MEDIA,DJI_0019.JPG,D:\drone\DCIM\109MEDIA\DJI_0019.JPG,-49.347422611111114,-27.396141472222222,563.859,2026:03:01 15:39:18
109MEDIA,DJI_0020.JPG,D:\drone\DCIM\109MEDIA\DJI_0020.JPG,-49.347439388888894,-27.396207305555556,563.859,2026:03:01 15:39:20
109MEDIA,DJI_0021.JPG,D:\drone\DCIM\109MEDIA\DJI_0021.JPG,-49.347397111111114,-27.39621838888889,563.959,2026:03:01 15:39:22
109MEDIA,DJI_0022.JPG,D:\drone\DCIM\109MEDIA\DJI_0022.JPG,-49.34736916666667,-27.396168027777776,563.959,2026:03:01 15:39:24
109MEDIA,DJI_0023.JPG,D:\drone\DCIM\109MEDIA\DJI_0023.JPG,-49.34734397222223,-27.396094305555554,563.859,2026:03:01 15:39:26
109MEDIA,DJI_0024.JPG,D:\drone\DCIM\109MEDIA\DJI_0024.JPG,-49.34731444444445,-27.396013277777776,563.859,2026:03:01 15:39:28
109MEDIA,DJI_0025.JPG,D:\drone\DCIM\109MEDIA\DJI_0025.JPG,-49.347280222222224,-27.395932055555555,563.859,2026:03:01 15:39:30
109MEDIA,DJI_0026.JPG,D:\drone\DCIM\109MEDIA\DJI_0026.JPG,-49.34724283333333,-27.395853694444444,563.859,2026:03:01 15:39:32
109MEDIA,DJI_0027.JPG,D:\drone\DCIM\109MEDIA\DJI_0027.JPG,-49.34720133333334,-27.395771222222223,563.859,2026:03:01 15:39:34
109MEDIA,DJI_0028.JPG,D:\drone\DCIM\109MEDIA\DJI_0028.JPG,-49.347158750000006,-27.39568622222222,563.859,2026:03:01 15:39:36
109MEDIA,DJI_0029.JPG,D:\drone\DCIM\109MEDIA\DJI_0029.JPG,-49.347117805555555,-27.395599444444443,563.859,2026:03:01 15:39:38
109MEDIA,DJI_0030.JPG,D:\drone\DCIM\109MEDIA\DJI_0030.JPG,-49.34709197222222,-27.395509555555556,563.859,2026:03:01 15:39:40
109MEDIA,DJI_0031.JPG,D:\drone\DCIM\109MEDIA\DJI_0031.JPG,-49.34710538888889,-27.39541975,563.959,2026:03:01 15:39:42
109MEDIA,DJI_0032.JPG,D:\drone\DCIM\109MEDIA\DJI_0032.JPG,-49.34717308333334,-27.39535736111111,563.959,2026:03:01 15:39:44
109MEDIA,DJI_0033.JPG,D:\drone\DCIM\109MEDIA\DJI_0033.JPG,-49.34726666666667,-27.395369,564.059,2026:03:01 15:39:46
109MEDIA,DJI_0034.JPG,D:\drone\DCIM\109MEDIA\DJI_0034.JPG,-49.34733055555556,-27.39543486111111,564.059,2026:03:01 15:39:48
109MEDIA,DJI_0035.JPG,D:\drone\DCIM\109MEDIA\DJI_0035.JPG,-49.34739122222222,-27.395507194444445,564.059,2026:03:01 15:39:50
109MEDIA,DJI_0036.JPG,D:\drone\DCIM\109MEDIA\DJI_0036.JPG,-49.34745244444445,-27.395577416666665,564.159,2026:03:01 15:39:52
109MEDIA,DJI_0037.JPG,D:\drone\DCIM\109MEDIA\DJI_0037.JPG,-49.347506361111115,-27.395649916666667,564.159,2026:03:01 15:39:54
109MEDIA,DJI_0038.JPG,D:\drone\DCIM\109MEDIA\DJI_0038.JPG,-49.347554055555555,-27.395725277777778,564.159,2026:03:01 15:39:56
109MEDIA,DJI_0039.JPG,D:\drone\DCIM\109MEDIA\DJI_0039.JPG,-49.347602944444446,-27.3958025,564.059,2026:03:01 15:39:58
109MEDIA,DJI_0040.JPG,D:\drone\DCIM\109MEDIA\DJI_0040.JPG,-49.34765408333334,-27.39588125,564.059,2026:03:01 15:40:00
109MEDIA,DJI_0041.JPG,D:\drone\DCIM\109MEDIA\DJI_0041.JPG,-49.34770466666667,-27.39596111111111,564.059,2026:03:01 15:40:02
109MEDIA,DJI_0042.JPG,D:\drone\DCIM\109MEDIA\DJI_0042.JPG,-49.347756805555555,-27.396038833333332,564.059,2026:03:01 15:40:04
109MEDIA,DJI_0043.JPG,D:\drone\DCIM\109MEDIA\DJI_0043.JPG,-49.34780991666667,-27.396116,564.059,2026:03:01 15:40:06
109MEDIA,DJI_0044.JPG,D:\drone\DCIM\109MEDIA\DJI_0044.JPG,-49.34786127777778,-27.396194166666668,564.059,2026:03:01 15:40:08
109MEDIA,DJI_0045.JPG,D:\drone\DCIM\109MEDIA\DJI_0045.JPG,-49.34790777777778,-27.396274777777776,564.159,2026:03:01 15:40:10
109MEDIA,DJI_0046.JPG,D:\drone\DCIM\109MEDIA\DJI_0046.JPG,-49.34791655555556,-27.39636238888889,564.159,2026:03:01 15:40:12
109MEDIA,DJI_0047.JPG,D:\drone\DCIM\109MEDIA\DJI_0047.JPG,-49.34787011111111,-27.396435277777776,564.059,2026:03:01 15:40:14
109MEDIA,DJI_0048.JPG,D:\drone\DCIM\109MEDIA\DJI_0048.JPG,-49.34778488888889,-27.39646463888889,564.059,2026:03:01 15:40:16
109MEDIA,DJI_0049.JPG,D:\drone\DCIM\109MEDIA\DJI_0049.JPG,-49.347720888888894,-27.396422555555556,563.959,2026:03:01 15:40:18
109MEDIA,DJI_0050.JPG,D:\drone\DCIM\109MEDIA\DJI_0050.JPG,-49.34769391666667,-27.396345416666666,563.959,2026:03:01 15:40:20
109MEDIA,DJI_0051.JPG,D:\drone\DCIM\109MEDIA\DJI_0051.JPG,-49.347666583333336,-27.39626513888889,563.859,2026:03:01 15:40:22
109MEDIA,DJI_0052.JPG,D:\drone\DCIM\109MEDIA\DJI_0052.JPG,-49.34763733333334,-27.396182666666665,563.859,2026:03:01 15:40:24
109MEDIA,DJI_0053.JPG,D:\drone\DCIM\109MEDIA\DJI_0053.JPG,-49.34760630555556,-27.39610125,563.859,2026:03:01 15:40:26
109MEDIA,DJI_0054.JPG,D:\drone\DCIM\109MEDIA\DJI_0054.JPG,-49.3475685,-27.3960225,563.859,2026:03:01 15:40:28
109MEDIA,DJI_0055.JPG,D:\drone\DCIM\109MEDIA\DJI_0055.JPG,-49.347529333333334,-27.395943194444445,563.959,2026:03:01 15:40:30
109MEDIA,DJI_0056.JPG,D:\drone\DCIM\109MEDIA\DJI_0056.JPG,-49.34748758333333,-27.39586163888889,563.959,2026:03:01 15:40:32
109MEDIA,DJI_0057.JPG,D:\drone\DCIM\109MEDIA\DJI_0057.JPG,-49.34744588888889,-27.395780666666667,563.959,2026:03:01 15:40:34
109MEDIA,DJI_0058.JPG,D:\drone\DCIM\109MEDIA\DJI_0058.JPG,-49.347404833333336,-27.395697972222223,563.959,2026:03:01 15:40:36
109MEDIA,DJI_0059.JPG,D:\drone\DCIM\109MEDIA\DJI_0059.JPG,-49.347364750000004,-27.39561547222222,563.959,2026:03:01 15:40:38
109MEDIA,DJI_0060.JPG,D:\drone\DCIM\109MEDIA\DJI_0060.JPG,-49.347324444444446,-27.39553258333333,564.059,2026:03:01 15:40:40
109MEDIA,DJI_0061.JPG,D:\drone\DCIM\109MEDIA\DJI_0061.JPG,-49.34728261111111,-27.39544938888889,564.059,2026:03:01 15:40:42
109MEDIA,DJI_0062.JPG,D:\drone\DCIM\109MEDIA\DJI_0062.JPG,-49.34724041666667,-27.395366555555555,564.059,2026:03:01 15:40:44
109MEDIA,DJI_0063.JPG,D:\drone\DCIM\109MEDIA\DJI_0063.JPG,-49.34719902777778,-27.39528397222222,564.059,2026:03:01 15:40:46
109MEDIA,DJI_0064.JPG,D:\drone\DCIM\109MEDIA\DJI_0064.JPG,-49.34715641666667,-27.395200583333335,564.159,2026:03:01 15:40:48
109MEDIA,DJI_0065.JPG,D:\drone\DCIM\109MEDIA\DJI_0065.JPG,-49.34712302777778,-27.395137638888887,564.659,2026:03:01 15:40:50
109MEDIA,DJI_0066.JPG,D:\drone\DCIM\109MEDIA\DJI_0066.JPG,-49.34712297222222,-27.39513725,564.659,2026:03:01 15:40:52
109MEDIA,DJI_0067.JPG,D:\drone\DCIM\109MEDIA\DJI_0067.JPG,-49.34712433333333,-27.395139,564.659,2026:03:01 15:40:54
109MEDIA,DJI_0068.JPG,D:\drone\DCIM\109MEDIA\DJI_0068.JPG,-49.34712425,-27.395139194444443,564.659,2026:03:01 15:40:56
109MEDIA,DJI_0069.JPG,D:\drone\DCIM\109MEDIA\DJI_0069.JPG,-49.347122472222225,-27.395138305555555,564.759,2026:03:01 15:40:58
109MEDIA,DJI_0070.JPG,D:\drone\DCIM\109MEDIA\DJI_0070.JPG,-49.34712172222223,-27.395137138888888,564.759,2026:03:01 15:41:00
109MEDIA,DJI_0071.JPG,D:\drone\DCIM\109MEDIA\DJI_0071.JPG,-49.34711988888889,-27.395138499999998,564.759,2026:03:01 15:41:02
109MEDIA,DJI_0072.JPG,D:\drone\DCIM\109MEDIA\DJI_0072.JPG,-49.34709541666667,-27.395162638888888,564.659,2026:03:01 15:41:04
109MEDIA,DJI_0073.JPG,D:\drone\DCIM\109MEDIA\DJI_0073.JPG,-49.34701763888889,-27.39522211111111,564.659,2026:03:01 15:41:06
109MEDIA,DJI_0074.JPG,D:\drone\DCIM\109MEDIA\DJI_0074.JPG,-49.34693916666667,-27.395275166666668,564.559,2026:03:01 15:41:08
109MEDIA,DJI_0075.JPG,D:\drone\DCIM\109MEDIA\DJI_0075.JPG,-49.346935111111115,-27.395274666666666,564.659,2026:03:01 15:41:10
109MEDIA,DJI_0076.JPG,D:\drone\DCIM\109MEDIA\DJI_0076.JPG,-49.34693569444445,-27.395272333333335,564.559,2026:03:01 15:41:12
109MEDIA,DJI_0077.JPG,D:\drone\DCIM\109MEDIA\DJI_0077.JPG,-49.34692697222223,-27.395257972222222,564.559,2026:03:01 15:41:14
109MEDIA,DJI_0078.JPG,D:\drone\DCIM\109MEDIA\DJI_0078.JPG,-49.346925500000005,-27.39523263888889,564.559,2026:03:01 15:41:16
109MEDIA,DJI_0079.JPG,D:\drone\DCIM\109MEDIA\DJI_0079.JPG,-49.34694791666667,-27.395210694444444,564.659,2026:03:01 15:41:18
109MEDIA,DJI_0080.JPG,D:\drone\DCIM\109MEDIA\DJI_0080.JPG,-49.346975111111114,-27.39519786111111,564.659,2026:03:01 15:41:20
109MEDIA,DJI_0081.JPG,D:\drone\DCIM\109MEDIA\DJI_0081.JPG,-49.34702052777778,-27.39517627777778,564.659,2026:03:01 15:41:22
109MEDIA,DJI_0082.JPG,D:\drone\DCIM\109MEDIA\DJI_0082.JPG,-49.347113444444446,-27.395129722222222,564.659,2026:03:01 15:41:24
109MEDIA,DJI_0083.JPG,D:\drone\DCIM\109MEDIA\DJI_0083.JPG,-49.34725127777778,-27.39506958333333,564.659,2026:03:01 15:41:26
109MEDIA,DJI_0084.JPG,D:\drone\DCIM\109MEDIA\DJI_0084.JPG,-49.34740747222222,-27.395014361111112,564.559,2026:03:01 15:41:28
109MEDIA,DJI_0085.JPG,D:\drone\DCIM\109MEDIA\DJI_0085.JPG,-49.34757286111111,-27.3949745,564.559,2026:03:01 15:41:30
109MEDIA,DJI_0086.JPG,D:\drone\DCIM\109MEDIA\DJI_0086.JPG,-49.34774430555556,-27.39495211111111,564.559,2026:03:01 15:41:32
109MEDIA,DJI_0087.JPG,D:\drone\DCIM\109MEDIA\DJI_0087.JPG,-49.34791694444445,-27.39494263888889,564.459,2026:03:01 15:41:34
109MEDIA,DJI_0088.JPG,D:\drone\DCIM\109MEDIA\DJI_0088.JPG,-49.34808269444445,-27.39495375,564.559,2026:03:01 15:41:36
109MEDIA,DJI_0089.JPG,D:\drone\DCIM\109MEDIA\DJI_0089.JPG,-49.348244694444446,-27.394971527777777,564.559,2026:03:01 15:41:38
109MEDIA,DJI_0090.JPG,D:\drone\DCIM\109MEDIA\DJI_0090.JPG,-49.34840033333334,-27.394991944444445,564.559,2026:03:01 15:41:40
109MEDIA,DJI_0091.JPG,D:\drone\DCIM\109MEDIA\DJI_0091.JPG,-49.34853536111111,-27.39504886111111,564.459,2026:03:01 15:41:42
109MEDIA,DJI_0092.JPG,D:\drone\DCIM\109MEDIA\DJI_0092.JPG,-49.34866386111111,-27.39512075,564.559,2026:03:01 15:41:44
109MEDIA,DJI_0093.JPG,D:\drone\DCIM\109MEDIA\DJI_0093.JPG,-49.34879191666667,-27.395160138888887,564.559,2026:03:01 15:41:46
109MEDIA,DJI_0094.JPG,D:\drone\DCIM\109MEDIA\DJI_0094.JPG,-49.348874,-27.395158833333333,564.559,2026:03:01 15:41:48
109MEDIA,DJI_0095.JPG,D:\drone\DCIM\109MEDIA\DJI_0095.JPG,-49.34894502777778,-27.39514725,564.659,2026:03:01 15:41:50
109MEDIA,DJI_0096.JPG,D:\drone\DCIM\109MEDIA\DJI_0096.JPG,-49.34903766666667,-27.395128944444444,564.659,2026:03:01 15:41:52
109MEDIA,DJI_0097.JPG,D:\drone\DCIM\109MEDIA\DJI_0097.JPG,-49.349172333333335,-27.395100499999998,564.659,2026:03:01 15:41:54
109MEDIA,DJI_0098.JPG,D:\drone\DCIM\109MEDIA\DJI_0098.JPG,-49.34934455555556,-27.395068805555557,564.759,2026:03:01 15:41:56
109MEDIA,DJI_0099.JPG,D:\drone\DCIM\109MEDIA\DJI_0099.JPG,-49.349532333333336,-27.395037416666668,564.659,2026:03:01 15:41:58
109MEDIA,DJI_0100.JPG,D:\drone\DCIM\109MEDIA\DJI_0100.JPG,-49.34971822222222,-27.394994277777776,564.659,2026:03:01 15:42:00
109MEDIA,DJI_0101.JPG,D:\drone\DCIM\109MEDIA\DJI_0101.JPG,-49.349808833333334,-27.394901916666665,564.659,2026:03:01 15:42:02
109MEDIA,DJI_0102.JPG,D:\drone\DCIM\109MEDIA\DJI_0102.JPG,-49.349780888888894,-27.39480672222222,564.659,2026:03:01 15:42:04
109MEDIA,DJI_0103.JPG,D:\drone\DCIM\109MEDIA\DJI_0103.JPG,-49.34968988888889,-27.39481111111111,564.659,2026:03:01 15:42:06
109MEDIA,DJI_0104.JPG,D:\drone\DCIM\109MEDIA\DJI_0104.JPG,-49.349578972222226,-27.394895555555554,564.659,2026:03:01 15:42:08
109MEDIA,DJI_0105.JPG,D:\drone\DCIM\109MEDIA\DJI_0105.JPG,-49.349432472222226,-27.3949535,564.659,2026:03:01 15:42:10
109MEDIA,DJI_0106.JPG,D:\drone\DCIM\109MEDIA\DJI_0106.JPG,-49.349254944444446,-27.39500013888889,564.359,2026:03:01 15:42:12
109MEDIA,DJI_0107.JPG,D:\drone\DCIM\109MEDIA\DJI_0107.JPG,-49.349068611111115,-27.39504736111111,564.459,2026:03:01 15:42:14
109MEDIA,DJI_0108.JPG,D:\drone\DCIM\109MEDIA\DJI_0108.JPG,-49.34888572222223,-27.395099194444445,564.459,2026:03:01 15:42:16
109MEDIA,DJI_0109.JPG,D:\drone\DCIM\109MEDIA\DJI_0109.JPG,-49.34871705555556,-27.395155055555556,564.559,2026:03:01 15:42:18
109MEDIA,DJI_0110.JPG,D:\drone\DCIM\109MEDIA\DJI_0110.JPG,-49.34853619444445,-27.395188694444442,564.459,2026:03:01 15:42:20
109MEDIA,DJI_0111.JPG,D:\drone\DCIM\109MEDIA\DJI_0111.JPG,-49.348346972222224,-27.395196833333333,564.559,2026:03:01 15:42:22
109MEDIA,DJI_0112.JPG,D:\drone\DCIM\109MEDIA\DJI_0112.JPG,-49.34815238888889,-27.395189944444443,564.659,2026:03:01 15:42:24
109MEDIA,DJI_0113.JPG,D:\drone\DCIM\109MEDIA\DJI_0113.JPG,-49.34795816666667,-27.395163611111112,564.559,2026:03:01 15:42:26
109MEDIA,DJI_0114.JPG,D:\drone\DCIM\109MEDIA\DJI_0114.JPG,-49.34777066666667,-27.39511872222222,564.559,2026:03:01 15:42:28
109MEDIA,DJI_0115.JPG,D:\drone\DCIM\109MEDIA\DJI_0115.JPG,-49.34757286111111,-27.39507227777778,564.559,2026:03:01 15:42:30
109MEDIA,DJI_0116.JPG,D:\drone\DCIM\109MEDIA\DJI_0116.JPG,-49.34739063888889,-27.39505408333333,564.559,2026:03:01 15:42:32
109MEDIA,DJI_0117.JPG,D:\drone\DCIM\109MEDIA\DJI_0117.JPG,-49.34720527777778,-27.395085388888887,564.559,2026:03:01 15:42:34
109MEDIA,DJI_0118.JPG,D:\drone\DCIM\109MEDIA\DJI_0118.JPG,-49.34704005555556,-27.395172249999998,564.659,2026:03:01 15:42:36
109MEDIA,DJI_0119.JPG,D:\drone\DCIM\109MEDIA\DJI_0119.JPG,-49.34687888888889,-27.3952555,564.659,2026:03:01 15:42:38
109MEDIA,DJI_0120.JPG,D:\drone\DCIM\109MEDIA\DJI_0120.JPG,-49.346721361111115,-27.395316527777776,564.759,2026:03:01 15:42:40
109MEDIA,DJI_0121.JPG,D:\drone\DCIM\109MEDIA\DJI_0121.JPG,-49.346704833333334,-27.395322222222223,564.659,2026:03:01 15:42:42
109MEDIA,DJI_0122.JPG,D:\drone\DCIM\109MEDIA\DJI_0122.JPG,-49.3467045,-27.39532133333333,564.659,2026:03:01 15:42:44
109MEDIA,DJI_0123.JPG,D:\drone\DCIM\109MEDIA\DJI_0123.JPG,-49.34670336111111,-27.395321055555556,564.759,2026:03:01 15:42:46
109MEDIA,DJI_0124.JPG,D:\drone\DCIM\109MEDIA\DJI_0124.JPG,-49.34666905555556,-27.395300166666665,564.759,2026:03:01 15:42:48
109MEDIA,DJI_0125.JPG,D:\drone\DCIM\109MEDIA\DJI_0125.JPG,-49.346599861111116,-27.3952625,564.759,2026:03:01 15:42:50
109MEDIA,DJI_0126.JPG,D:\drone\DCIM\109MEDIA\DJI_0126.JPG,-49.34652497222223,-27.395226805555556,564.759,2026:03:01 15:42:52
109MEDIA,DJI_0127.JPG,D:\drone\DCIM\109MEDIA\DJI_0127.JPG,-49.34646552777778,-27.395196944444443,564.759,2026:03:01 15:42:54
109MEDIA,DJI_0128.JPG,D:\drone\DCIM\109MEDIA\DJI_0128.JPG,-49.34646158333334,-27.395192055555555,564.759,2026:03:01 15:42:56
109MEDIA,DJI_0129.JPG,D:\drone\DCIM\109MEDIA\DJI_0129.JPG,-49.346461000000005,-27.39519188888889,564.759,2026:03:01 15:42:58
109MEDIA,DJI_0130.JPG,D:\drone\DCIM\109MEDIA\DJI_0130.JPG,-49.34647808333334,-27.395165527777777,564.659,2026:03:01 15:43:00
109MEDIA,DJI_0131.JPG,D:\drone\DCIM\109MEDIA\DJI_0131.JPG,-49.346514194444445,-27.395108222222223,564.659,2026:03:01 15:43:02
109MEDIA,DJI_0132.JPG,D:\drone\DCIM\109MEDIA\DJI_0132.JPG,-49.346516972222226,-27.395101999999998,564.659,2026:03:01 15:43:04
109MEDIA,DJI_0133.JPG,D:\drone\DCIM\109MEDIA\DJI_0133.JPG,-49.34651791666667,-27.395102333333334,564.759,2026:03:01 15:43:06
109MEDIA,DJI_0134.JPG,D:\drone\DCIM\109MEDIA\DJI_0134.JPG,-49.34651863888889,-27.395102305555554,564.659,2026:03:01 15:43:08
109MEDIA,DJI_0135.JPG,D:\drone\DCIM\109MEDIA\DJI_0135.JPG,-49.346518055555556,-27.395103083333332,564.659,2026:03:01 15:43:10
109MEDIA,DJI_0136.JPG,D:\drone\DCIM\109MEDIA\DJI_0136.JPG,-49.34651847222222,-27.395103694444444,564.659,2026:03:01 15:43:12
109MEDIA,DJI_0137.JPG,D:\drone\DCIM\109MEDIA\DJI_0137.JPG,-49.34651875,-27.395103972222223,564.659,2026:03:01 15:43:14
109MEDIA,DJI_0138.JPG,D:\drone\DCIM\109MEDIA\DJI_0138.JPG,-49.34651863888889,-27.395103388888888,564.659,2026:03:01 15:43:16
109MEDIA,DJI_0139.JPG,D:\drone\DCIM\109MEDIA\DJI_0139.JPG,-49.34651880555556,-27.395103666666667,564.659,2026:03:01 15:43:18
109MEDIA,DJI_0140.JPG,D:\drone\DCIM\109MEDIA\DJI_0140.JPG,-49.346518,-27.395103638888887,564.659,2026:03:01 15:43:20
109MEDIA,DJI_0141.JPG,D:\drone\DCIM\109MEDIA\DJI_0141.JPG,-49.346518055555556,-27.395104,564.659,2026:03:01 15:43:22
109MEDIA,DJI_0142.JPG,D:\drone\DCIM\109MEDIA\DJI_0142.JPG,-49.346517250000005,-27.395104027777776,564.659,2026:03:01 15:43:24
109MEDIA,DJI_0143.JPG,D:\drone\DCIM\109MEDIA\DJI_0143.JPG,-49.34650977777778,-27.39507275,564.659,2026:03:01 15:43:26
109MEDIA,DJI_0144.JPG,D:\drone\DCIM\109MEDIA\DJI_0144.JPG,-49.34650497222223,-27.395048111111112,564.659,2026:03:01 15:43:28
109MEDIA,DJI_0145.JPG,D:\drone\DCIM\109MEDIA\DJI_0145.JPG,-49.34650563888889,-27.395048555555555,564.659,2026:03:01 15:43:30
109MEDIA,DJI_0146.JPG,D:\drone\DCIM\109MEDIA\DJI_0146.JPG,-49.346505138888894,-27.395048055555556,564.659,2026:03:01 15:43:32
109MEDIA,DJI_0147.JPG,D:\drone\DCIM\109MEDIA\DJI_0147.JPG,-49.346505694444446,-27.395048,564.659,2026:03:01 15:43:34
109MEDIA,DJI_0148.JPG,D:\drone\DCIM\109MEDIA\DJI_0148.JPG,-49.34650669444445,-27.3950475,564.659,2026:03:01 15:43:36
109MEDIA,DJI_0149.JPG,D:\drone\DCIM\109MEDIA\DJI_0149.JPG,-49.346507361111115,-27.395047305555554,564.659,2026:03:01 15:43:38
109MEDIA,DJI_0150.JPG,D:\drone\DCIM\109MEDIA\DJI_0150.JPG,-49.34650741666667,-27.39504711111111,564.659,2026:03:01 15:43:40
109MEDIA,DJI_0151.JPG,D:\drone\DCIM\109MEDIA\DJI_0151.JPG,-49.34651088888889,-27.395048027777776,564.659,2026:03:01 15:43:42
109MEDIA,DJI_0152.JPG,D:\drone\DCIM\109MEDIA\DJI_0152.JPG,-49.34655455555556,-27.39506888888889,564.659,2026:03:01 15:43:44
109MEDIA,DJI_0153.JPG,D:\drone\DCIM\109MEDIA\DJI_0153.JPG,-49.346559750000004,-27.395067777777776,564.659,2026:03:01 15:43:46
109MEDIA,DJI_0154.JPG,D:\drone\DCIM\109MEDIA\DJI_0154.JPG,-49.34656047222222,-27.395067,564.659,2026:03:01 15:43:48
109MEDIA,DJI_0155.JPG,D:\drone\DCIM\109MEDIA\DJI_0155.JPG,-49.346571000000004,-27.395064583333333,564.659,2026:03:01 15:43:50
109MEDIA,DJI_0156.JPG,D:\drone\DCIM\109MEDIA\DJI_0156.JPG,-49.34664216666667,-27.395058416666668,564.659,2026:03:01 15:43:52
109MEDIA,DJI_0157.JPG,D:\drone\DCIM\109MEDIA\DJI_0157.JPG,-49.34671711111111,-27.395049888888888,564.659,2026:03:01 15:43:54
109MEDIA,DJI_0158.JPG,D:\drone\DCIM\109MEDIA\DJI_0158.JPG,-49.346796527777784,-27.395042333333333,564.659,2026:03:01 15:43:56
109MEDIA,DJI_0159.JPG,D:\drone\DCIM\109MEDIA\DJI_0159.JPG,-49.346837416666666,-27.3950385,564.659,2026:03:01 15:43:58
109MEDIA,DJI_0160.JPG,D:\drone\DCIM\109MEDIA\DJI_0160.JPG,-49.34688522222223,-27.395033666666667,564.659,2026:03:01 15:44:00
109MEDIA,DJI_0161.JPG,D:\drone\DCIM\109MEDIA\DJI_0161.JPG,-49.34697277777778,-27.395023666666667,564.659,2026:03:01 15:44:02
109MEDIA,DJI_0162.JPG,D:\drone\DCIM\109MEDIA\DJI_0162.JPG,-49.347072000000004,-27.39501261111111,564.659,2026:03:01 15:44:04
109MEDIA,DJI_0163.JPG,D:\drone\DCIM\109MEDIA\DJI_0163.JPG,-49.347173805555556,-27.39499461111111,564.659,2026:03:01 15:44:06
109MEDIA,DJI_0164.JPG,D:\drone\DCIM\109MEDIA\DJI_0164.JPG,-49.34728836111111,-27.394967416666667,564.659,2026:03:01 15:44:08
109MEDIA,DJI_0165.JPG,D:\drone\DCIM\109MEDIA\DJI_0165.JPG,-49.347449222222224,-27.394929083333334,564.659,2026:03:01 15:44:10
109MEDIA,DJI_0166.JPG,D:\drone\DCIM\109MEDIA\DJI_0166.JPG,-49.3476365,-27.394885777777777,564.659,2026:03:01 15:44:12
109MEDIA,DJI_0167.JPG,D:\drone\DCIM\109MEDIA\DJI_0167.JPG,-49.34783022222222,-27.394858638888888,564.659,2026:03:01 15:44:14
109MEDIA,DJI_0168.JPG,D:\drone\DCIM\109MEDIA\DJI_0168.JPG,-49.34802752777778,-27.39487388888889,564.559,2026:03:01 15:44:16
109MEDIA,DJI_0169.JPG,D:\drone\DCIM\109MEDIA\DJI_0169.JPG,-49.34823044444445,-27.394890222222223,564.559,2026:03:01 15:44:18
109MEDIA,DJI_0170.JPG,D:\drone\DCIM\109MEDIA\DJI_0170.JPG,-49.3484345,-27.394905194444444,564.559,2026:03:01 15:44:20
109MEDIA,DJI_0171.JPG,D:\drone\DCIM\109MEDIA\DJI_0171.JPG,-49.34863888888889,-27.394920805555554,564.559,2026:03:01 15:44:22
109MEDIA,DJI_0172.JPG,D:\drone\DCIM\109MEDIA\DJI_0172.JPG,-49.34885127777778,-27.39493747222222,564.559,2026:03:01 15:44:24
109MEDIA,DJI_0173.JPG,D:\drone\DCIM\109MEDIA\DJI_0173.JPG,-49.34904325,-27.39495133333333,564.659,2026:03:01 15:44:26
109MEDIA,DJI_0174.JPG,D:\drone\DCIM\109MEDIA\DJI_0174.JPG,-49.34920252777778,-27.39496297222222,564.559,2026:03:01 15:44:28
109MEDIA,DJI_0175.JPG,D:\drone\DCIM\109MEDIA\DJI_0175.JPG,-49.34932747222222,-27.394971416666667,564.659,2026:03:01 15:44:30
109MEDIA,DJI_0176.JPG,D:\drone\DCIM\109MEDIA\DJI_0176.JPG,-49.34940038888889,-27.394976333333332,564.559,2026:03:01 15:44:32
109MEDIA,DJI_0177.JPG,D:\drone\DCIM\109MEDIA\DJI_0177.JPG,-49.34940022222222,-27.39497775,564.359,2026:03:01 15:44:34
109MEDIA,DJI_0178.JPG,D:\drone\DCIM\109MEDIA\DJI_0178.JPG,-49.34940191666667,-27.39497797222222,564.259,2026:03:01 15:44:36
109MEDIA,DJI_0179.JPG,D:\drone\DCIM\109MEDIA\DJI_0179.JPG,-49.34940069444445,-27.394976916666668,564.159,2026:03:01 15:44:38
109MEDIA,DJI_0180.JPG,D:\drone\DCIM\109MEDIA\DJI_0180.JPG,-49.349365444444445,-27.39492336111111,564.259,2026:03:01 15:44:40
109MEDIA,DJI_0181.JPG,D:\drone\DCIM\109MEDIA\DJI_0181.JPG,-49.34930694444445,-27.394840944444443,564.259,2026:03:01 15:44:42
109MEDIA,DJI_0182.JPG,D:\drone\DCIM\109MEDIA\DJI_0182.JPG,-49.34923747222223,-27.394778666666667,564.159,2026:03:01 15:44:44
109MEDIA,DJI_0183.JPG,D:\drone\DCIM\109MEDIA\DJI_0183.JPG,-49.34915927777778,-27.394753138888888,564.059,2026:03:01 15:44:46
109MEDIA,DJI_0184.JPG,D:\drone\DCIM\109MEDIA\DJI_0184.JPG,-49.34903291666667,-27.394730777777777,564.059,2026:03:01 15:44:48
109MEDIA,DJI_0185.JPG,D:\drone\DCIM\109MEDIA\DJI_0185.JPG,-49.348851361111116,-27.394699527777778,564.059,2026:03:01 15:44:50
109MEDIA,DJI_0186.JPG,D:\drone\DCIM\109MEDIA\DJI_0186.JPG,-49.348675166666666,-27.394670444444444,564.059,2026:03:01 15:44:52
109MEDIA,DJI_0187.JPG,D:\drone\DCIM\109MEDIA\DJI_0187.JPG,-49.34850052777778,-27.394655666666665,564.059,2026:03:01 15:44:54
109MEDIA,DJI_0188.JPG,D:\drone\DCIM\109MEDIA\DJI_0188.JPG,-49.34833625,-27.394656027777778,564.059,2026:03:01 15:44:56
109MEDIA,DJI_0189.JPG,D:\drone\DCIM\109MEDIA\DJI_0189.JPG,-49.34818102777778,-27.39466225,563.959,2026:03:01 15:44:58
109MEDIA,DJI_0190.JPG,D:\drone\DCIM\109MEDIA\DJI_0190.JPG,-49.348023222222224,-27.394669333333333,564.059,2026:03:01 15:45:00
109MEDIA,DJI_0191.JPG,D:\drone\DCIM\109MEDIA\DJI_0191.JPG,-49.34790941666667,-27.394671416666664,564.059,2026:03:01 15:45:02
109MEDIA,DJI_0192.JPG,D:\drone\DCIM\109MEDIA\DJI_0192.JPG,-49.34780608333334,-27.394673527777776,564.059,2026:03:01 15:45:04
109MEDIA,DJI_0193.JPG,D:\drone\DCIM\109MEDIA\DJI_0193.JPG,-49.347707472222226,-27.394675916666667,564.059,2026:03:01 15:45:06
109MEDIA,DJI_0194.JPG,D:\drone\DCIM\109MEDIA\DJI_0194.JPG,-49.34760130555556,-27.394678555555554,564.059,2026:03:01 15:45:08
109MEDIA,DJI_0195.JPG,D:\drone\DCIM\109MEDIA\DJI_0195.JPG,-49.34749252777778,-27.39468188888889,564.059,2026:03:01 15:45:10
109MEDIA,DJI_0196.JPG,D:\drone\DCIM\109MEDIA\DJI_0196.JPG,-49.347384000000005,-27.39468533333333,564.059,2026:03:01 15:45:12
109MEDIA,DJI_0197.JPG,D:\drone\DCIM\109MEDIA\DJI_0197.JPG,-49.347299722222225,-27.394689333333332,564.059,2026:03:01 15:45:14
109MEDIA,DJI_0198.JPG,D:\drone\DCIM\109MEDIA\DJI_0198.JPG,-49.34729963888889,-27.394688305555555,564.059,2026:03:01 15:45:16
109MEDIA,DJI_0199.JPG,D:\drone\DCIM\109MEDIA\DJI_0199.JPG,-49.34723577777778,-27.394690916666665,564.059,2026:03:01 15:45:18
109MEDIA,DJI_0200.JPG,D:\drone\DCIM\109MEDIA\DJI_0200.JPG,-49.34711308333333,-27.394696444444445,564.159,2026:03:01 15:45:20
109MEDIA,DJI_0201.JPG,D:\drone\DCIM\109MEDIA\DJI_0201.JPG,-49.34698925,-27.394700305555556,564.059,2026:03:01 15:45:22
109MEDIA,DJI_0202.JPG,D:\drone\DCIM\109MEDIA\DJI_0202.JPG,-49.34688780555556,-27.39469888888889,564.059,2026:03:01 15:45:24
109MEDIA,DJI_0203.JPG,D:\drone\DCIM\109MEDIA\DJI_0203.JPG,-49.346889833333336,-27.39469888888889,566.659,2026:03:01 15:45:26
109MEDIA,DJI_0204.JPG,D:\drone\DCIM\109MEDIA\DJI_0204.JPG,-49.34688911111111,-27.394697555555556,568.659,2026:03:01 15:45:28
109MEDIA,DJI_0205.JPG,D:\drone\DCIM\109MEDIA\DJI_0205.JPG,-49.34688861111111,-27.394697277777777,569.259,2026:03:01 15:45:30
109MEDIA,DJI_0206.JPG,D:\drone\DCIM\109MEDIA\DJI_0206.JPG,-49.346889194444444,-27.39469736111111,569.759,2026:03:01 15:45:32
109MEDIA,DJI_0207.JPG,D:\drone\DCIM\109MEDIA\DJI_0207.JPG,-49.346900805555556,-27.39468597222222,569.759,2026:03:01 15:45:34
109MEDIA,DJI_0208.JPG,D:\drone\DCIM\109MEDIA\DJI_0208.JPG,-49.34693402777778,-27.394652527777776,569.759,2026:03:01 15:45:36
109MEDIA,DJI_0209.JPG,D:\drone\DCIM\109MEDIA\DJI_0209.JPG,-49.34695516666667,-27.39463286111111,569.759,2026:03:01 15:45:38
109MEDIA,DJI_0210.JPG,D:\drone\DCIM\109MEDIA\DJI_0210.JPG,-49.34696427777778,-27.394627027777776,569.759,2026:03:01 15:45:40
109MEDIA,DJI_0211.JPG,D:\drone\DCIM\109MEDIA\DJI_0211.JPG,-49.34696852777778,-27.394623416666665,569.759,2026:03:01 15:45:42
109MEDIA,DJI_0212.JPG,D:\drone\DCIM\109MEDIA\DJI_0212.JPG,-49.347003083333334,-27.39466075,569.759,2026:03:01 15:45:44
109MEDIA,DJI_0213.JPG,D:\drone\DCIM\109MEDIA\DJI_0213.JPG,-49.347037972222225,-27.394709944444443,569.659,2026:03:01 15:45:46
109MEDIA,DJI_0214.JPG,D:\drone\DCIM\109MEDIA\DJI_0214.JPG,-49.34703691666667,-27.394709833333334,569.659,2026:03:01 15:45:48
109MEDIA,DJI_0215.JPG,D:\drone\DCIM\109MEDIA\DJI_0215.JPG,-49.347019611111115,-27.394761777777777,569.759,2026:03:01 15:45:50
109MEDIA,DJI_0216.JPG,D:\drone\DCIM\109MEDIA\DJI_0216.JPG,-49.34700602777778,-27.394785972222223,569.659,2026:03:01 15:45:52
109MEDIA,DJI_0217.JPG,D:\drone\DCIM\109MEDIA\DJI_0217.JPG,-49.34697863888889,-27.394806888888887,569.659,2026:03:01 15:45:54
109MEDIA,DJI_0218.JPG,D:\drone\DCIM\109MEDIA\DJI_0218.JPG,-49.34688338888889,-27.394858194444446,569.759,2026:03:01 15:45:56
109MEDIA,DJI_0219.JPG,D:\drone\DCIM\109MEDIA\DJI_0219.JPG,-49.34683261111111,-27.394875583333334,569.659,2026:03:01 15:45:58
109MEDIA,DJI_0220.JPG,D:\drone\DCIM\109MEDIA\DJI_0220.JPG,-49.34683044444445,-27.394875222222222,569.659,2026:03:01 15:46:00
109MEDIA,DJI_0221.JPG,D:\drone\DCIM\109MEDIA\DJI_0221.JPG,-49.34681191666667,-27.394880916666665,569.659,2026:03:01 15:46:02
109MEDIA,DJI_0222.JPG,D:\drone\DCIM\109MEDIA\DJI_0222.JPG,-49.34679363888889,-27.39488627777778,569.759,2026:03:01 15:46:04
109MEDIA,DJI_0223.JPG,D:\drone\DCIM\109MEDIA\DJI_0223.JPG,-49.34679313888889,-27.39488575,569.759,2026:03:01 15:46:06
109MEDIA,DJI_0224.JPG,D:\drone\DCIM\109MEDIA\DJI_0224.JPG,-49.34679283333334,-27.394885777777777,569.759,2026:03:01 15:46:08
109MEDIA,DJI_0225.JPG,D:\drone\DCIM\109MEDIA\DJI_0225.JPG,-49.34679233333333,-27.39488547222222,569.759,2026:03:01 15:46:10
109MEDIA,DJI_0226.JPG,D:\drone\DCIM\109MEDIA\DJI_0226.JPG,-49.346792472222226,-27.394884972222222,569.759,2026:03:01 15:46:12
109MEDIA,DJI_0227.JPG,D:\drone\DCIM\109MEDIA\DJI_0227.JPG,-49.346792750000006,-27.39488463888889,569.759,2026:03:01 15:46:14
109MEDIA,DJI_0228.JPG,D:\drone\DCIM\109MEDIA\DJI_0228.JPG,-49.346792944444445,-27.39488463888889,569.759,2026:03:01 15:46:16
109MEDIA,DJI_0229.JPG,D:\drone\DCIM\109MEDIA\DJI_0229.JPG,-49.346792111111114,-27.394884416666667,569.759,2026:03:01 15:46:18
109MEDIA,DJI_0230.JPG,D:\drone\DCIM\109MEDIA\DJI_0230.JPG,-49.34679194444445,-27.394883666666665,569.659,2026:03:01 15:46:20
109MEDIA,DJI_0231.JPG,D:\drone\DCIM\109MEDIA\DJI_0231.JPG,-49.34679180555556,-27.394882777777777,569.659,2026:03:01 15:46:22
109MEDIA,DJI_0232.JPG,D:\drone\DCIM\109MEDIA\DJI_0232.JPG,-49.346792722222226,-27.39488313888889,569.759,2026:03:01 15:46:24
109MEDIA,DJI_0233.JPG,D:\drone\DCIM\109MEDIA\DJI_0233.JPG,-49.346773472222225,-27.394863722222222,569.659,2026:03:01 15:46:26
109MEDIA,DJI_0234.JPG,D:\drone\DCIM\109MEDIA\DJI_0234.JPG,-49.3467645,-27.39485388888889,569.659,2026:03:01 15:46:28
109MEDIA,DJI_0235.JPG,D:\drone\DCIM\109MEDIA\DJI_0235.JPG,-49.34676458333333,-27.39485275,569.559,2026:03:01 15:46:30
109MEDIA,DJI_0236.JPG,D:\drone\DCIM\109MEDIA\DJI_0236.JPG,-49.34676527777778,-27.394852555555556,569.459,2026:03:01 15:46:32
109MEDIA,DJI_0237.JPG,D:\drone\DCIM\109MEDIA\DJI_0237.JPG,-49.346776222222225,-27.39484938888889,569.459,2026:03:01 15:46:34
109MEDIA,DJI_0238.JPG,D:\drone\DCIM\109MEDIA\DJI_0238.JPG,-49.34682752777778,-27.394839277777777,569.459,2026:03:01 15:46:36
109MEDIA,DJI_0239.JPG,D:\drone\DCIM\109MEDIA\DJI_0239.JPG,-49.3468785,-27.39483086111111,569.459,2026:03:01 15:46:38
109MEDIA,DJI_0240.JPG,D:\drone\DCIM\109MEDIA\DJI_0240.JPG,-49.34693272222223,-27.394821694444445,569.459,2026:03:01 15:46:40
109MEDIA,DJI_0241.JPG,D:\drone\DCIM\109MEDIA\DJI_0241.JPG,-49.34699172222223,-27.39481136111111,569.459,2026:03:01 15:46:42
109MEDIA,DJI_0242.JPG,D:\drone\DCIM\109MEDIA\DJI_0242.JPG,-49.34705186111111,-27.394802833333333,569.459,2026:03:01 15:46:44
109MEDIA,DJI_0243.JPG,D:\drone\DCIM\109MEDIA\DJI_0243.JPG,-49.34711494444445,-27.39479522222222,569.459,2026:03:01 15:46:46
109MEDIA,DJI_0244.JPG,D:\drone\DCIM\109MEDIA\DJI_0244.JPG,-49.34717858333334,-27.3947865,569.459,2026:03:01 15:46:48
109MEDIA,DJI_0245.JPG,D:\drone\DCIM\109MEDIA\DJI_0245.JPG,-49.347242111111115,-27.394778583333334,568.959,2026:03:01 15:46:50
109MEDIA,DJI_0246.JPG,D:\drone\DCIM\109MEDIA\DJI_0246.JPG,-49.347304361111114,-27.394770777777776,567.759,2026:03:01 15:46:52
109MEDIA,DJI_0247.JPG,D:\drone\DCIM\109MEDIA\DJI_0247.JPG,-49.347365833333335,-27.39476361111111,565.859,2026:03:01 15:46:54
109MEDIA,DJI_0248.JPG,D:\drone\DCIM\109MEDIA\DJI_0248.JPG,-49.34742544444445,-27.394756666666666,565.859,2026:03:01 15:46:56
109MEDIA,DJI_0249.JPG,D:\drone\DCIM\109MEDIA\DJI_0249.JPG,-49.347487138888894,-27.39474747222222,565.859,2026:03:01 15:46:58
109MEDIA,DJI_0250.JPG,D:\drone\DCIM\109MEDIA\DJI_0250.JPG,-49.34755469444445,-27.394738055555557,565.859,2026:03:01 15:47:00
109MEDIA,DJI_0251.JPG,D:\drone\DCIM\109MEDIA\DJI_0251.JPG,-49.347625138888894,-27.39472975,565.859,2026:03:01 15:47:02
109MEDIA,DJI_0252.JPG,D:\drone\DCIM\109MEDIA\DJI_0252.JPG,-49.34769569444445,-27.394726194444445,565.859,2026:03:01 15:47:04
109MEDIA,DJI_0253.JPG,D:\drone\DCIM\109MEDIA\DJI_0253.JPG,-49.34776794444445,-27.39472725,565.859,2026:03:01 15:47:06
109MEDIA,DJI_0254.JPG,D:\drone\DCIM\109MEDIA\DJI_0254.JPG,-49.347839972222225,-27.39472961111111,565.859,2026:03:01 15:47:08
109MEDIA,DJI_0255.JPG,D:\drone\DCIM\109MEDIA\DJI_0255.JPG,-49.34791516666667,-27.394733944444443,565.759,2026:03:01 15:47:10
109MEDIA,DJI_0256.JPG,D:\drone\DCIM\109MEDIA\DJI_0256.JPG,-49.34798288888889,-27.39473975,565.859,2026:03:01 15:47:12
109MEDIA,DJI_0257.JPG,D:\drone\DCIM\109MEDIA\DJI_0257.JPG,-49.34805988888889,-27.394749277777777,565.859,2026:03:01 15:47:14
109MEDIA,DJI_0258.JPG,D:\drone\DCIM\109MEDIA\DJI_0258.JPG,-49.34814691666667,-27.394761194444445,565.859,2026:03:01 15:47:16
109MEDIA,DJI_0259.JPG,D:\drone\DCIM\109MEDIA\DJI_0259.JPG,-49.34823763888889,-27.394772777777778,565.859,2026:03:01 15:47:18
109MEDIA,DJI_0260.JPG,D:\drone\DCIM\109MEDIA\DJI_0260.JPG,-49.34833255555556,-27.394784527777777,565.759,2026:03:01 15:47:20
109MEDIA,DJI_0261.JPG,D:\drone\DCIM\109MEDIA\DJI_0261.JPG,-49.34842591666667,-27.39479613888889,565.859,2026:03:01 15:47:22
109MEDIA,DJI_0262.JPG,D:\drone\DCIM\109MEDIA\DJI_0262.JPG,-49.348521500000004,-27.394807611111112,565.859,2026:03:01 15:47:24
109MEDIA,DJI_0263.JPG,D:\drone\DCIM\109MEDIA\DJI_0263.JPG,-49.34861436111111,-27.394819722222223,565.859,2026:03:01 15:47:26
109MEDIA,DJI_0264.JPG,D:\drone\DCIM\109MEDIA\DJI_0264.JPG,-49.34870791666667,-27.394832694444442,565.859,2026:03:01 15:47:28
109MEDIA,DJI_0265.JPG,D:\drone\DCIM\109MEDIA\DJI_0265.JPG,-49.348805722222224,-27.394844111111112,565.859,2026:03:01 15:47:30
109MEDIA,DJI_0266.JPG,D:\drone\DCIM\109MEDIA\DJI_0266.JPG,-49.34890588888889,-27.394858083333332,564.859,2026:03:01 15:47:32
109MEDIA,DJI_0267.JPG,D:\drone\DCIM\109MEDIA\DJI_0267.JPG,-49.34901172222222,-27.394871527777777,562.559,2026:03:01 15:47:34
109MEDIA,DJI_0268.JPG,D:\drone\DCIM\109MEDIA\DJI_0268.JPG,-49.349107555555555,-27.39488422222222,560.659,2026:03:01 15:47:36
109MEDIA,DJI_0269.JPG,D:\drone\DCIM\109MEDIA\DJI_0269.JPG,-49.349207972222224,-27.394897555555556,559.059,2026:03:01 15:47:38
109MEDIA,DJI_0270.JPG,D:\drone\DCIM\109MEDIA\DJI_0270.JPG,-49.349307888888895,-27.394912055555555,555.959,2026:03:01 15:47:40
109MEDIA,DJI_0271.JPG,D:\drone\DCIM\109MEDIA\DJI_0271.JPG,-49.34940591666667,-27.394925999999998,552.959,2026:03:01 15:47:42
109MEDIA,DJI_0272.JPG,D:\drone\DCIM\109MEDIA\DJI_0272.JPG,-49.34949916666667,-27.394937388888888,552.559,2026:03:01 15:47:44
109MEDIA,DJI_0273.JPG,D:\drone\DCIM\109MEDIA\DJI_0273.JPG,-49.34957477777778,-27.39498222222222,551.659,2026:03:01 15:47:46
109MEDIA,DJI_0274.JPG,D:\drone\DCIM\109MEDIA\DJI_0274.JPG,-49.34959602777778,-27.395061444444444,551.259,2026:03:01 15:47:48
109MEDIA,DJI_0275.JPG,D:\drone\DCIM\109MEDIA\DJI_0275.JPG,-49.34960569444445,-27.39514911111111,551.159,2026:03:01 15:47:50
109MEDIA,DJI_0276.JPG,D:\drone\DCIM\109MEDIA\DJI_0276.JPG,-49.34961372222222,-27.395248944444443,551.259,2026:03:01 15:47:52
109MEDIA,DJI_0277.JPG,D:\drone\DCIM\109MEDIA\DJI_0277.JPG,-49.349616861111116,-27.395365333333334,551.159,2026:03:01 15:47:54
109MEDIA,DJI_0278.JPG,D:\drone\DCIM\109MEDIA\DJI_0278.JPG,-49.349620083333335,-27.395491222222223,551.159,2026:03:01 15:47:56
109MEDIA,DJI_0279.JPG,D:\drone\DCIM\109MEDIA\DJI_0279.JPG,-49.34962405555556,-27.395631833333333,551.159,2026:03:01 15:47:58
109MEDIA,DJI_0280.JPG,D:\drone\DCIM\109MEDIA\DJI_0280.JPG,-49.34962952777778,-27.39578361111111,551.259,2026:03:01 15:48:00
109MEDIA,DJI_0281.JPG,D:\drone\DCIM\109MEDIA\DJI_0281.JPG,-49.34962594444445,-27.39593902777778,551.159,2026:03:01 15:48:02
109MEDIA,DJI_0282.JPG,D:\drone\DCIM\109MEDIA\DJI_0282.JPG,-49.34958952777778,-27.396085638888888,550.859,2026:03:01 15:48:04
109MEDIA,DJI_0283.JPG,D:\drone\DCIM\109MEDIA\DJI_0283.JPG,-49.349493833333334,-27.396192111111112,550.459,2026:03:01 15:48:06
109MEDIA,DJI_0284.JPG,D:\drone\DCIM\109MEDIA\DJI_0284.JPG,-49.34936241666667,-27.396197138888887,549.959,2026:03:01 15:48:08
109MEDIA,DJI_0285.JPG,D:\drone\DCIM\109MEDIA\DJI_0285.JPG,-49.349271638888894,-27.396092499999998,549.459,2026:03:01 15:48:10
109MEDIA,DJI_0286.JPG,D:\drone\DCIM\109MEDIA\DJI_0286.JPG,-49.34927966666667,-27.39597363888889,548.859,2026:03:01 15:48:12
109MEDIA,DJI_0287.JPG,D:\drone\DCIM\109MEDIA\DJI_0287.JPG,-49.34937255555556,-27.39588075,548.259,2026:03:01 15:48:14
109MEDIA,DJI_0288.JPG,D:\drone\DCIM\109MEDIA\DJI_0288.JPG,-49.34948333333334,-27.395784416666665,548.159,2026:03:01 15:48:16
109MEDIA,DJI_0289.JPG,D:\drone\DCIM\109MEDIA\DJI_0289.JPG,-49.34954236111111,-27.395655555555557,548.359,2026:03:01 15:48:18
109MEDIA,DJI_0290.JPG,D:\drone\DCIM\109MEDIA\DJI_0290.JPG,-49.349539416666666,-27.39551861111111,548.259,2026:03:01 15:48:20
109MEDIA,DJI_0291.JPG,D:\drone\DCIM\109MEDIA\DJI_0291.JPG,-49.34949116666667,-27.39537947222222,548.259,2026:03:01 15:48:22
109MEDIA,DJI_0292.JPG,D:\drone\DCIM\109MEDIA\DJI_0292.JPG,-49.34945322222222,-27.395246333333333,548.359,2026:03:01 15:48:24
109MEDIA,DJI_0293.JPG,D:\drone\DCIM\109MEDIA\DJI_0293.JPG,-49.349433000000005,-27.39510025,548.259,2026:03:01 15:48:26
109MEDIA,DJI_0294.JPG,D:\drone\DCIM\109MEDIA\DJI_0294.JPG,-49.34941127777778,-27.394950666666666,548.359,2026:03:01 15:48:28
109MEDIA,DJI_0295.JPG,D:\drone\DCIM\109MEDIA\DJI_0295.JPG,-49.349406361111114,-27.394909638888887,548.259,2026:03:01 15:48:30
109MEDIA,DJI_0296.JPG,D:\drone\DCIM\109MEDIA\DJI_0296.JPG,-49.34937169444445,-27.394873027777777,548.359,2026:03:01 15:48:32
109MEDIA,DJI_0297.JPG,D:\drone\DCIM\109MEDIA\DJI_0297.JPG,-49.34925811111111,-27.394791055555554,548.359,2026:03:01 15:48:34
109MEDIA,DJI_0298.JPG,D:\drone\DCIM\109MEDIA\DJI_0298.JPG,-49.349120750000004,-27.394760027777778,548.359,2026:03:01 15:48:36
109MEDIA,DJI_0299.JPG,D:\drone\DCIM\109MEDIA\DJI_0299.JPG,-49.34911513888889,-27.394760833333333,548.359,2026:03:01 15:48:38
109MEDIA,DJI_0300.JPG,D:\drone\DCIM\109MEDIA\DJI_0300.JPG,-49.34911561111112,-27.39476061111111,548.359,2026:03:01 15:48:40
109MEDIA,DJI_0301.JPG,D:\drone\DCIM\109MEDIA\DJI_0301.JPG,-49.349117722222225,-27.39475983333333,548.359,2026:03:01 15:48:42
109MEDIA,DJI_0302.JPG,D:\drone\DCIM\109MEDIA\DJI_0302.JPG,-49.34912641666667,-27.39479927777778,548.359,2026:03:01 15:48:44
109MEDIA,DJI_0303.JPG,D:\drone\DCIM\109MEDIA\DJI_0303.JPG,-49.349145444444446,-27.39492897222222,548.359,2026:03:01 15:48:46
109MEDIA,DJI_0304.JPG,D:\drone\DCIM\109MEDIA\DJI_0304.JPG,-49.34917988888889,-27.395091666666666,548.359,2026:03:01 15:48:48
109MEDIA,DJI_0305.JPG,D:\drone\DCIM\109MEDIA\DJI_0305.JPG,-49.34922780555556,-27.39526363888889,548.359,2026:03:01 15:48:50
109MEDIA,DJI_0306.JPG,D:\drone\DCIM\109MEDIA\DJI_0306.JPG,-49.34927880555556,-27.395448305555554,548.359,2026:03:01 15:48:52
109MEDIA,DJI_0307.JPG,D:\drone\DCIM\109MEDIA\DJI_0307.JPG,-49.349324083333336,-27.395618583333334,548.259,2026:03:01 15:48:54
109MEDIA,DJI_0308.JPG,D:\drone\DCIM\109MEDIA\DJI_0308.JPG,-49.3493725,-27.395799,548.159,2026:03:01 15:48:56
109MEDIA,DJI_0309.JPG,D:\drone\DCIM\109MEDIA\DJI_0309.JPG,-49.34942386111111,-27.395984444444444,548.359,2026:03:01 15:48:58
109MEDIA,DJI_0310.JPG,D:\drone\DCIM\109MEDIA\DJI_0310.JPG,-49.34946991666667,-27.396151666666665,548.259,2026:03:01 15:49:00
109MEDIA,DJI_0311.JPG,D:\drone\DCIM\109MEDIA\DJI_0311.JPG,-49.34956619444445,-27.39630508333333,548.259,2026:03:01 15:49:02
109MEDIA,DJI_0312.JPG,D:\drone\DCIM\109MEDIA\DJI_0312.JPG,-49.34973030555556,-27.39640358333333,548.259,2026:03:01 15:49:04
109MEDIA,DJI_0313.JPG,D:\drone\DCIM\109MEDIA\DJI_0313.JPG,-49.34992513888889,-27.396435722222222,548.359,2026:03:01 15:49:06
109MEDIA,DJI_0314.JPG,D:\drone\DCIM\109MEDIA\DJI_0314.JPG,-49.35009047222222,-27.39637972222222,548.359,2026:03:01 15:49:08
109MEDIA,DJI_0321.JPG,D:\drone\DCIM\109MEDIA\DJI_0321.JPG,-49.350184500000005,-27.395253722222222,548.359,2026:03:01 15:49:22
109MEDIA,DJI_0322.JPG,D:\drone\DCIM\109MEDIA\DJI_0322.JPG,-49.35010825,-27.39509627777778,548.359,2026:03:01 15:49:24
109MEDIA,DJI_0323.JPG,D:\drone\DCIM\109MEDIA\DJI_0323.JPG,-49.34999627777778,-27.394951111111112,548.259,2026:03:01 15:49:26
109MEDIA,DJI_0324.JPG,D:\drone\DCIM\109MEDIA\DJI_0324.JPG,-49.34988522222223,-27.394858555555555,548.359,2026:03:01 15:49:28
109MEDIA,DJI_0325.JPG,D:\drone\DCIM\109MEDIA\DJI_0325.JPG,-49.34988438888889,-27.39485786111111,548.159,2026:03:01 15:49:30
109MEDIA,DJI_0326.JPG,D:\drone\DCIM\109MEDIA\DJI_0326.JPG,-49.34984438888889,-27.394864055555555,548.159,2026:03:01 15:49:32
109MEDIA,DJI_0327.JPG,D:\drone\DCIM\109MEDIA\DJI_0327.JPG,-49.34969922222223,-27.394880138888887,548.159,2026:03:01 15:49:34
109MEDIA,DJI_0328.JPG,D:\drone\DCIM\109MEDIA\DJI_0328.JPG,-49.34952916666667,-27.394891583333333,548.059,2026:03:01 15:49:36
109MEDIA,DJI_0329.JPG,D:\drone\DCIM\109MEDIA\DJI_0329.JPG,-49.34933569444445,-27.39488513888889,548.259,2026:03:01 15:49:38
109MEDIA,DJI_0330.JPG,D:\drone\DCIM\109MEDIA\DJI_0330.JPG,-49.34913275,-27.394860055555554,548.359,2026:03:01 15:49:40
109MEDIA,DJI_0331.JPG,D:\drone\DCIM\109MEDIA\DJI_0331.JPG,-49.34908322222223,-27.39485225,549.859,2026:03:01 15:49:42
109MEDIA,DJI_0332.JPG,D:\drone\DCIM\109MEDIA\DJI_0332.JPG,-49.34908611111111,-27.394851499999998,555.159,2026:03:01 15:49:44
109MEDIA,DJI_0333.JPG,D:\drone\DCIM\109MEDIA\DJI_0333.JPG,-49.349077944444446,-27.394851055555556,558.859,2026:03:01 15:49:46
109MEDIA,DJI_0334.JPG,D:\drone\DCIM\109MEDIA\DJI_0334.JPG,-49.34898755555556,-27.394842722222222,558.859,2026:03:01 15:49:48
109MEDIA,DJI_0335.JPG,D:\drone\DCIM\109MEDIA\DJI_0335.JPG,-49.348846611111114,-27.394825944444445,558.859,2026:03:01 15:49:50
109MEDIA,DJI_0336.JPG,D:\drone\DCIM\109MEDIA\DJI_0336.JPG,-49.34873530555556,-27.39488225,559.059,2026:03:01 15:49:52
109MEDIA,DJI_0337.JPG,D:\drone\DCIM\109MEDIA\DJI_0337.JPG,-49.34871680555556,-27.394984333333333,558.959,2026:03:01 15:49:54
109MEDIA,DJI_0338.JPG,D:\drone\DCIM\109MEDIA\DJI_0338.JPG,-49.34872938888889,-27.395120194444445,558.859,2026:03:01 15:49:56
109MEDIA,DJI_0339.JPG,D:\drone\DCIM\109MEDIA\DJI_0339.JPG,-49.34874769444445,-27.395270277777776,558.859,2026:03:01 15:49:58
109MEDIA,DJI_0340.JPG,D:\drone\DCIM\109MEDIA\DJI_0340.JPG,-49.34877133333334,-27.395434777777776,558.859,2026:03:01 15:50:00
109MEDIA,DJI_0341.JPG,D:\drone\DCIM\109MEDIA\DJI_0341.JPG,-49.34879361111111,-27.395585583333332,558.759,2026:03:01 15:50:02
109MEDIA,DJI_0342.JPG,D:\drone\DCIM\109MEDIA\DJI_0342.JPG,-49.34882261111111,-27.395742805555557,558.859,2026:03:01 15:50:04
109MEDIA,DJI_0343.JPG,D:\drone\DCIM\109MEDIA\DJI_0343.JPG,-49.34885219444445,-27.39590697222222,558.959,2026:03:01 15:50:06
109MEDIA,DJI_0344.JPG,D:\drone\DCIM\109MEDIA\DJI_0344.JPG,-49.34888105555556,-27.396077694444443,558.959,2026:03:01 15:50:08
109MEDIA,DJI_0345.JPG,D:\drone\DCIM\109MEDIA\DJI_0345.JPG,-49.348912472222224,-27.39625963888889,558.859,2026:03:01 15:50:10
109MEDIA,DJI_0346.JPG,D:\drone\DCIM\109MEDIA\DJI_0346.JPG,-49.34900363888889,-27.396375305555555,558.759,2026:03:01 15:50:12
109MEDIA,DJI_0347.JPG,D:\drone\DCIM\109MEDIA\DJI_0347.JPG,-49.34914997222222,-27.396402138888888,558.759,2026:03:01 15:50:14
109MEDIA,DJI_0348.JPG,D:\drone\DCIM\109MEDIA\DJI_0348.JPG,-49.34931575,-27.396378444444444,558.759,2026:03:01 15:50:16
109MEDIA,DJI_0349.JPG,D:\drone\DCIM\109MEDIA\DJI_0349.JPG,-49.34945475,-27.396281,558.159,2026:03:01 15:50:18
109MEDIA,DJI_0350.JPG,D:\drone\DCIM\109MEDIA\DJI_0350.JPG,-49.34951791666667,-27.396159694444442,558.059,2026:03:01 15:50:20
109MEDIA,DJI_0351.JPG,D:\drone\DCIM\109MEDIA\DJI_0351.JPG,-49.34950327777778,-27.396015777777777,558.159,2026:03:01 15:50:22
109MEDIA,DJI_0352.JPG,D:\drone\DCIM\109MEDIA\DJI_0352.JPG,-49.34945694444445,-27.395860055555556,557.959,2026:03:01 15:50:24
109MEDIA,DJI_0353.JPG,D:\drone\DCIM\109MEDIA\DJI_0353.JPG,-49.34937327777778,-27.395710388888887,558.059,2026:03:01 15:50:26
109MEDIA,DJI_0354.JPG,D:\drone\DCIM\109MEDIA\DJI_0354.JPG,-49.34925141666667,-27.39557727777778,557.959,2026:03:01 15:50:28
109MEDIA,DJI_0355.JPG,D:\drone\DCIM\109MEDIA\DJI_0355.JPG,-49.349113361111115,-27.39550975,557.859,2026:03:01 15:50:30
109MEDIA,DJI_0356.JPG,D:\drone\DCIM\109MEDIA\DJI_0356.JPG,-49.348946472222224,-27.3954985,557.759,2026:03:01 15:50:32
109MEDIA,DJI_0357.JPG,D:\drone\DCIM\109MEDIA\DJI_0357.JPG,-49.34876041666667,-27.395513527777776,557.759,2026:03:01 15:50:34
109MEDIA,DJI_0358.JPG,D:\drone\DCIM\109MEDIA\DJI_0358.JPG,-49.348586555555556,-27.395502222222223,557.759,2026:03:01 15:50:36
109MEDIA,DJI_0359.JPG,D:\drone\DCIM\109MEDIA\DJI_0359.JPG,-49.34840372222222,-27.3954655,557.659,2026:03:01 15:50:38
109MEDIA,DJI_0360.JPG,D:\drone\DCIM\109MEDIA\DJI_0360.JPG,-49.34822716666667,-27.39542272222222,557.659,2026:03:01 15:50:40
109MEDIA,DJI_0361.JPG,D:\drone\DCIM\109MEDIA\DJI_0361.JPG,-49.348067416666666,-27.395375916666666,557.759,2026:03:01 15:50:42
109MEDIA,DJI_0362.JPG,D:\drone\DCIM\109MEDIA\DJI_0362.JPG,-49.347906055555555,-27.395322666666665,557.659,2026:03:01 15:50:44
109MEDIA,DJI_0363.JPG,D:\drone\DCIM\109MEDIA\DJI_0363.JPG,-49.34771327777778,-27.395265583333334,557.759,2026:03:01 15:50:46
109MEDIA,DJI_0364.JPG,D:\drone\DCIM\109MEDIA\DJI_0364.JPG,-49.34754688888889,-27.39522711111111,557.659,2026:03:01 15:50:48
109MEDIA,DJI_0365.JPG,D:\drone\DCIM\109MEDIA\DJI_0365.JPG,-49.347370805555556,-27.395224083333332,557.659,2026:03:01 15:50:50
109MEDIA,DJI_0366.JPG,D:\drone\DCIM\109MEDIA\DJI_0366.JPG,-49.347276944444445,-27.39526777777778,557.859,2026:03:01 15:50:52
109MEDIA,DJI_0367.JPG,D:\drone\DCIM\109MEDIA\DJI_0367.JPG,-49.34728447222223,-27.39526627777778,557.759,2026:03:01 15:50:54
109MEDIA,DJI_0368.JPG,D:\drone\DCIM\109MEDIA\DJI_0368.JPG,-49.34729225,-27.395264027777777,557.759,2026:03:01 15:50:56
109MEDIA,DJI_0369.JPG,D:\drone\DCIM\109MEDIA\DJI_0369.JPG,-49.34730025,-27.395264277777777,557.759,2026:03:01 15:50:58
109MEDIA,DJI_0370.JPG,D:\drone\DCIM\109MEDIA\DJI_0370.JPG,-49.34732838888889,-27.395287027777776,557.959,2026:03:01 15:51:00
109MEDIA,DJI_0371.JPG,D:\drone\DCIM\109MEDIA\DJI_0371.JPG,-49.34741452777778,-27.39537175,557.959,2026:03:01 15:51:02
109MEDIA,DJI_0372.JPG,D:\drone\DCIM\109MEDIA\DJI_0372.JPG,-49.347559861111115,-27.395483388888888,557.959,2026:03:01 15:51:04
109MEDIA,DJI_0373.JPG,D:\drone\DCIM\109MEDIA\DJI_0373.JPG,-49.34771541666667,-27.39558308333333,557.959,2026:03:01 15:51:06
109MEDIA,DJI_0374.JPG,D:\drone\DCIM\109MEDIA\DJI_0374.JPG,-49.347866333333336,-27.395696972222222,557.659,2026:03:01 15:51:08
109MEDIA,DJI_0375.JPG,D:\drone\DCIM\109MEDIA\DJI_0375.JPG,-49.34792130555556,-27.39575425,557.759,2026:03:01 15:51:10
109MEDIA,DJI_0376.JPG,D:\drone\DCIM\109MEDIA\DJI_0376.JPG,-49.34794336111111,-27.39577975,557.859,2026:03:01 15:51:12
109MEDIA,DJI_0377.JPG,D:\drone\DCIM\109MEDIA\DJI_0377.JPG,-49.34799,-27.39582363888889,557.759,2026:03:01 15:51:14
109MEDIA,DJI_0378.JPG,D:\drone\DCIM\109MEDIA\DJI_0378.JPG,-49.34808405555556,-27.395906555555555,557.759,2026:03:01 15:51:16
109MEDIA,DJI_0379.JPG,D:\drone\DCIM\109MEDIA\DJI_0379.JPG,-49.34820811111111,-27.39601147222222,557.859,2026:03:01 15:51:18
109MEDIA,DJI_0380.JPG,D:\drone\DCIM\109MEDIA\DJI_0380.JPG,-49.34834380555556,-27.396124999999998,557.759,2026:03:01 15:51:20
109MEDIA,DJI_0381.JPG,D:\drone\DCIM\109MEDIA\DJI_0381.JPG,-49.348481722222225,-27.39624111111111,557.759,2026:03:01 15:51:22
109MEDIA,DJI_0382.JPG,D:\drone\DCIM\109MEDIA\DJI_0382.JPG,-49.348619500000005,-27.39635813888889,557.759,2026:03:01 15:51:24
109MEDIA,DJI_0383.JPG,D:\drone\DCIM\109MEDIA\DJI_0383.JPG,-49.34875594444445,-27.396473583333332,557.759,2026:03:01 15:51:26
109MEDIA,DJI_0384.JPG,D:\drone\DCIM\109MEDIA\DJI_0384.JPG,-49.34887416666667,-27.39657536111111,557.859,2026:03:01 15:51:28
109MEDIA,DJI_0385.JPG,D:\drone\DCIM\109MEDIA\DJI_0385.JPG,-49.348944861111114,-27.39663736111111,557.859,2026:03:01 15:51:30
109MEDIA,DJI_0386.JPG,D:\drone\DCIM\109MEDIA\DJI_0386.JPG,-49.348946861111116,-27.396634888888887,557.759,2026:03:01 15:51:32
109MEDIA,DJI_0387.JPG,D:\drone\DCIM\109MEDIA\DJI_0387.JPG,-49.34894838888889,-27.396635555555555,557.859,2026:03:01 15:51:34
109MEDIA,DJI_0388.JPG,D:\drone\DCIM\109MEDIA\DJI_0388.JPG,-49.34894911111111,-27.396636027777777,557.759,2026:03:01 15:51:36
109MEDIA,DJI_0389.JPG,D:\drone\DCIM\109MEDIA\DJI_0389.JPG,-49.34894886111111,-27.396635416666665,557.759,2026:03:01 15:51:38
109MEDIA,DJI_0390.JPG,D:\drone\DCIM\109MEDIA\DJI_0390.JPG,-49.348948222222226,-27.396635944444444,557.759,2026:03:01 15:51:40
109MEDIA,DJI_0391.JPG,D:\drone\DCIM\109MEDIA\DJI_0391.JPG,-49.34894752777778,-27.39663558333333,557.859,2026:03:01 15:51:42
109MEDIA,DJI_0392.JPG,D:\drone\DCIM\109MEDIA\DJI_0392.JPG,-49.34894666666667,-27.396635944444444,557.759,2026:03:01 15:51:44
109MEDIA,DJI_0393.JPG,D:\drone\DCIM\109MEDIA\DJI_0393.JPG,-49.34894636111111,-27.396636527777776,557.759,2026:03:01 15:51:46
109MEDIA,DJI_0394.JPG,D:\drone\DCIM\109MEDIA\DJI_0394.JPG,-49.34894669444445,-27.396637166666665,556.359,2026:03:01 15:51:48
109MEDIA,DJI_0395.JPG,D:\drone\DCIM\109MEDIA\DJI_0395.JPG,-49.34894452777778,-27.396638055555556,550.359,2026:03:01 15:51:50
109MEDIA,DJI_0396.JPG,D:\drone\DCIM\109MEDIA\DJI_0396.JPG,-49.3489445,-27.396637277777778,544.259,2026:03:01 15:51:52
109MEDIA,DJI_0397.JPG,D:\drone\DCIM\109MEDIA\DJI_0397.JPG,-49.34894516666667,-27.396637694444443,539.359,2026:03:01 15:51:54
109MEDIA,DJI_0398.JPG,D:\drone\DCIM\109MEDIA\DJI_0398.JPG,-49.348947083333336,-27.39663663888889,539.159,2026:03:01 15:51:56
109MEDIA,DJI_0399.JPG,D:\drone\DCIM\109MEDIA\DJI_0399.JPG,-49.34894738888889,-27.396636972222222,538.959,2026:03:01 15:51:58
109MEDIA,DJI_0400.JPG,D:\drone\DCIM\109MEDIA\DJI_0400.JPG,-49.348947861111114,-27.396636916666665,538.759,2026:03:01 15:52:00
109MEDIA,DJI_0401.JPG,D:\drone\DCIM\109MEDIA\DJI_0401.JPG,-49.34896147222222,-27.396649916666668,538.559,2026:03:01 15:52:02
109MEDIA,DJI_0402.JPG,D:\drone\DCIM\109MEDIA\DJI_0402.JPG,-49.34900625,-27.396709055555554,538.659,2026:03:01 15:52:04
109MEDIA,DJI_0403.JPG,D:\drone\DCIM\109MEDIA\DJI_0403.JPG,-49.349032944444446,-27.396784694444445,538.659,2026:03:01 15:52:06
109MEDIA,DJI_0404.JPG,D:\drone\DCIM\109MEDIA\DJI_0404.JPG,-49.34904138888889,-27.396849638888888,538.659,2026:03:01 15:52:08
109MEDIA,DJI_0411.JPG,D:\drone\DCIM\109MEDIA\DJI_0411.JPG,-49.34889366666667,-27.396795722222222,538.459,2026:03:01 15:52:22
109MEDIA,DJI_0412.JPG,D:\drone\DCIM\109MEDIA\DJI_0412.JPG,-49.34895802777778,-27.396750055555554,538.459,2026:03:01 15:52:24
109MEDIA,DJI_0413.JPG,D:\drone\DCIM\109MEDIA\DJI_0413.JPG,-49.34903777777778,-27.39671733333333,538.459,2026:03:01 15:52:26
109MEDIA,DJI_0414.JPG,D:\drone\DCIM\109MEDIA\DJI_0414.JPG,-49.34911408333333,-27.396672444444444,538.559,2026:03:01 15:52:28
109MEDIA,DJI_0415.JPG,D:\drone\DCIM\109MEDIA\DJI_0415.JPG,-49.349150055555555,-27.396610583333334,538.559,2026:03:01 15:52:30
109MEDIA,DJI_0416.JPG,D:\drone\DCIM\109MEDIA\DJI_0416.JPG,-49.34914238888889,-27.396537249999998,538.559,2026:03:01 15:52:32
109MEDIA,DJI_0417.JPG,D:\drone\DCIM\109MEDIA\DJI_0417.JPG,-49.349111416666666,-27.39647102777778,538.659,2026:03:01 15:52:34
109MEDIA,DJI_0418.JPG,D:\drone\DCIM\109MEDIA\DJI_0418.JPG,-49.34907422222223,-27.396403305555555,538.659,2026:03:01 15:52:36
109MEDIA,DJI_0419.JPG,D:\drone\DCIM\109MEDIA\DJI_0419.JPG,-49.34903516666667,-27.39632058333333,538.659,2026:03:01 15:52:38
109MEDIA,DJI_0420.JPG,D:\drone\DCIM\109MEDIA\DJI_0420.JPG,-49.34899361111111,-27.396221166666667,538.659,2026:03:01 15:52:40
109MEDIA,DJI_0421.JPG,D:\drone\DCIM\109MEDIA\DJI_0421.JPG,-49.34895480555556,-27.396123333333332,538.659,2026:03:01 15:52:42
109MEDIA,DJI_0422.JPG,D:\drone\DCIM\109MEDIA\DJI_0422.JPG,-49.348913861111114,-27.396018583333333,538.659,2026:03:01 15:52:44
109MEDIA,DJI_0423.JPG,D:\drone\DCIM\109MEDIA\DJI_0423.JPG,-49.3488765,-27.395917805555555,538.659,2026:03:01 15:52:46
109MEDIA,DJI_0424.JPG,D:\drone\DCIM\109MEDIA\DJI_0424.JPG,-49.34885280555556,-27.395827138888887,538.559,2026:03:01 15:52:48
109MEDIA,DJI_0425.JPG,D:\drone\DCIM\109MEDIA\DJI_0425.JPG,-49.34884577777778,-27.395726194444443,538.559,2026:03:01 15:52:50
109MEDIA,DJI_0426.JPG,D:\drone\DCIM\109MEDIA\DJI_0426.JPG,-49.34885908333334,-27.395615527777778,538.659,2026:03:01 15:52:52
109MEDIA,DJI_0427.JPG,D:\drone\DCIM\109MEDIA\DJI_0427.JPG,-49.348870444444444,-27.395513444444443,538.659,2026:03:01 15:52:54
109MEDIA,DJI_0428.JPG,D:\drone\DCIM\109MEDIA\DJI_0428.JPG,-49.34887977777778,-27.395404444444445,538.659,2026:03:01 15:52:56
109MEDIA,DJI_0429.JPG,D:\drone\DCIM\109MEDIA\DJI_0429.JPG,-49.34889063888889,-27.39529288888889,538.859,2026:03:01 15:52:58
109MEDIA,DJI_0430.JPG,D:\drone\DCIM\109MEDIA\DJI_0430.JPG,-49.34889077777778,-27.39517711111111,539.059,2026:03:01 15:53:00
109MEDIA,DJI_0431.JPG,D:\drone\DCIM\109MEDIA\DJI_0431.JPG,-49.34887552777778,-27.395069222222222,539.459,2026:03:01 15:53:02
109MEDIA,DJI_0432.JPG,D:\drone\DCIM\109MEDIA\DJI_0432.JPG,-49.34884488888889,-27.39495586111111,541.159,2026:03:01 15:53:04
109MEDIA,DJI_0433.JPG,D:\drone\DCIM\109MEDIA\DJI_0433.JPG,-49.34878052777778,-27.39486836111111,541.759,2026:03:01 15:53:06
109MEDIA,DJI_0434.JPG,D:\drone\DCIM\109MEDIA\DJI_0434.JPG,-49.34866375,-27.394836944444442,542.059,2026:03:01 15:53:08
109MEDIA,DJI_0435.JPG,D:\drone\DCIM\109MEDIA\DJI_0435.JPG,-49.34858719444445,-27.394889888888887,542.059,2026:03:01 15:53:10
109MEDIA,DJI_0436.JPG,D:\drone\DCIM\109MEDIA\DJI_0436.JPG,-49.348525333333335,-27.394979527777778,542.159,2026:03:01 15:53:12
109MEDIA,DJI_0437.JPG,D:\drone\DCIM\109MEDIA\DJI_0437.JPG,-49.34848372222223,-27.39506463888889,542.259,2026:03:01 15:53:14
109MEDIA,DJI_0438.JPG,D:\drone\DCIM\109MEDIA\DJI_0438.JPG,-49.34848127777778,-27.39506986111111,547.659,2026:03:01 15:53:16
109MEDIA,DJI_0439.JPG,D:\drone\DCIM\109MEDIA\DJI_0439.JPG,-49.34848269444445,-27.395072944444443,553.259,2026:03:01 15:53:18
109MEDIA,DJI_0440.JPG,D:\drone\DCIM\109MEDIA\DJI_0440.JPG,-49.34846944444445,-27.395111472222222,557.559,2026:03:01 15:53:20
109MEDIA,DJI_0441.JPG,D:\drone\DCIM\109MEDIA\DJI_0441.JPG,-49.348452638888894,-27.39515136111111,558.159,2026:03:01 15:53:22
109MEDIA,DJI_0442.JPG,D:\drone\DCIM\109MEDIA\DJI_0442.JPG,-49.348453222222226,-27.395155777777777,561.659,2026:03:01 15:53:24
109MEDIA,DJI_0443.JPG,D:\drone\DCIM\109MEDIA\DJI_0443.JPG,-49.34843472222222,-27.39520152777778,561.759,2026:03:01 15:53:26
109MEDIA,DJI_0444.JPG,D:\drone\DCIM\109MEDIA\DJI_0444.JPG,-49.348414194444445,-27.395251444444444,561.659,2026:03:01 15:53:28
109MEDIA,DJI_0445.JPG,D:\drone\DCIM\109MEDIA\DJI_0445.JPG,-49.34839233333334,-27.395302,561.659,2026:03:01 15:53:30
109MEDIA,DJI_0446.JPG,D:\drone\DCIM\109MEDIA\DJI_0446.JPG,-49.34836502777778,-27.3953565,561.659,2026:03:01 15:53:32
109MEDIA,DJI_0447.JPG,D:\drone\DCIM\109MEDIA\DJI_0447.JPG,-49.34833227777778,-27.39542436111111,561.659,2026:03:01 15:53:34
109MEDIA,DJI_0448.JPG,D:\drone\DCIM\109MEDIA\DJI_0448.JPG,-49.34828811111112,-27.395513333333334,561.559,2026:03:01 15:53:36
109MEDIA,DJI_0449.JPG,D:\drone\DCIM\109MEDIA\DJI_0449.JPG,-49.34820783333333,-27.395581916666668,561.559,2026:03:01 15:53:38
109MEDIA,DJI_0450.JPG,D:\drone\DCIM\109MEDIA\DJI_0450.JPG,-49.34811602777778,-27.395539944444444,561.659,2026:03:01 15:53:40
109MEDIA,DJI_0451.JPG,D:\drone\DCIM\109MEDIA\DJI_0451.JPG,-49.34806869444445,-27.39546627777778,561.659,2026:03:01 15:53:42
109MEDIA,DJI_0452.JPG,D:\drone\DCIM\109MEDIA\DJI_0452.JPG,-49.348028250000006,-27.39543063888889,561.559,2026:03:01 15:53:44
109MEDIA,DJI_0453.JPG,D:\drone\DCIM\109MEDIA\DJI_0453.JPG,-49.34800402777778,-27.395433138888887,561.359,2026:03:01 15:53:46
109MEDIA,DJI_0454.JPG,D:\drone\DCIM\109MEDIA\DJI_0454.JPG,-49.34796469444445,-27.39544725,561.159,2026:03:01 15:53:48
109MEDIA,DJI_0455.JPG,D:\drone\DCIM\109MEDIA\DJI_0455.JPG,-49.3478975,-27.39545797222222,561.259,2026:03:01 15:53:50
109MEDIA,DJI_0456.JPG,D:\drone\DCIM\109MEDIA\DJI_0456.JPG,-49.347800166666666,-27.395466888888887,561.259,2026:03:01 15:53:52
109MEDIA,DJI_0457.JPG,D:\drone\DCIM\109MEDIA\DJI_0457.JPG,-49.34767819444445,-27.395478194444443,561.259,2026:03:01 15:53:54
109MEDIA,DJI_0458.JPG,D:\drone\DCIM\109MEDIA\DJI_0458.JPG,-49.34754616666667,-27.39549308333333,561.259,2026:03:01 15:53:56
109MEDIA,DJI_0459.JPG,D:\drone\DCIM\109MEDIA\DJI_0459.JPG,-49.34742416666667,-27.39550525,561.259,2026:03:01 15:53:58
109MEDIA,DJI_0460.JPG,D:\drone\DCIM\109MEDIA\DJI_0460.JPG,-49.347395722222224,-27.39550552777778,561.159,2026:03:01 15:54:00
109MEDIA,DJI_0461.JPG,D:\drone\DCIM\109MEDIA\DJI_0461.JPG,-49.347406722222225,-27.39550172222222,561.159,2026:03:01 15:54:02
109MEDIA,DJI_0462.JPG,D:\drone\DCIM\109MEDIA\DJI_0462.JPG,-49.34742955555556,-27.39550111111111,561.259,2026:03:01 15:54:04
109MEDIA,DJI_0463.JPG,D:\drone\DCIM\109MEDIA\DJI_0463.JPG,-49.3474675,-27.39549852777778,561.259,2026:03:01 15:54:06
109MEDIA,DJI_0464.JPG,D:\drone\DCIM\109MEDIA\DJI_0464.JPG,-49.34751177777778,-27.395499,561.359,2026:03:01 15:54:08
109MEDIA,DJI_0465.JPG,D:\drone\DCIM\109MEDIA\DJI_0465.JPG,-49.34758063888889,-27.395517416666667,561.259,2026:03:01 15:54:10
109MEDIA,DJI_0466.JPG,D:\drone\DCIM\109MEDIA\DJI_0466.JPG,-49.34763766666667,-27.395534972222222,561.259,2026:03:01 15:54:12
109MEDIA,DJI_0467.JPG,D:\drone\DCIM\109MEDIA\DJI_0467.JPG,-49.34768691666667,-27.395548722222223,561.259,2026:03:01 15:54:14
109MEDIA,DJI_0468.JPG,D:\drone\DCIM\109MEDIA\DJI_0468.JPG,-49.347736861111116,-27.39555777777778,561.259,2026:03:01 15:54:16
109MEDIA,DJI_0469.JPG,D:\drone\DCIM\109MEDIA\DJI_0469.JPG,-49.34778641666667,-27.395566944444443,561.259,2026:03:01 15:54:18
109MEDIA,DJI_0470.JPG,D:\drone\DCIM\109MEDIA\DJI_0470.JPG,-49.34783244444445,-27.39557602777778,561.259,2026:03:01 15:54:20
109MEDIA,DJI_0471.JPG,D:\drone\DCIM\109MEDIA\DJI_0471.JPG,-49.34788269444444,-27.395586555555553,561.259,2026:03:01 15:54:22
109MEDIA,DJI_0472.JPG,D:\drone\DCIM\109MEDIA\DJI_0472.JPG,-49.347936805555555,-27.395598277777776,561.259,2026:03:01 15:54:24
109MEDIA,DJI_0473.JPG,D:\drone\DCIM\109MEDIA\DJI_0473.JPG,-49.34799736111111,-27.39561213888889,561.259,2026:03:01 15:54:26
109MEDIA,DJI_0474.JPG,D:\drone\DCIM\109MEDIA\DJI_0474.JPG,-49.34805430555556,-27.395631583333333,561.259,2026:03:01 15:54:28
109MEDIA,DJI_0475.JPG,D:\drone\DCIM\109MEDIA\DJI_0475.JPG,-49.34811536111111,-27.395653194444446,561.259,2026:03:01 15:54:30
109MEDIA,DJI_0476.JPG,D:\drone\DCIM\109MEDIA\DJI_0476.JPG,-49.34818386111111,-27.39567875,561.259,2026:03:01 15:54:32
109MEDIA,DJI_0477.JPG,D:\drone\DCIM\109MEDIA\DJI_0477.JPG,-49.348258694444446,-27.395709666666665,561.259,2026:03:01 15:54:34
109MEDIA,DJI_0478.JPG,D:\drone\DCIM\109MEDIA\DJI_0478.JPG,-49.34832897222223,-27.395739583333334,561.259,2026:03:01 15:54:36
109MEDIA,DJI_0479.JPG,D:\drone\DCIM\109MEDIA\DJI_0479.JPG,-49.34839588888889,-27.395766916666666,560.959,2026:03:01 15:54:38
109MEDIA,DJI_0480.JPG,D:\drone\DCIM\109MEDIA\DJI_0480.JPG,-49.34846711111111,-27.39579525,560.059,2026:03:01 15:54:40
109MEDIA,DJI_0481.JPG,D:\drone\DCIM\109MEDIA\DJI_0481.JPG,-49.348530833333335,-27.39582,560.059,2026:03:01 15:54:42
109MEDIA,DJI_0482.JPG,D:\drone\DCIM\109MEDIA\DJI_0482.JPG,-49.34859241666667,-27.39584361111111,560.059,2026:03:01 15:54:44
109MEDIA,DJI_0483.JPG,D:\drone\DCIM\109MEDIA\DJI_0483.JPG,-49.3486485,-27.395866194444444,559.959,2026:03:01 15:54:46
109MEDIA,DJI_0484.JPG,D:\drone\DCIM\109MEDIA\DJI_0484.JPG,-49.34869536111111,-27.395888833333334,559.959,2026:03:01 15:54:48
109MEDIA,DJI_0485.JPG,D:\drone\DCIM\109MEDIA\DJI_0485.JPG,-49.348737222222226,-27.39591961111111,559.959,2026:03:01 15:54:50
109MEDIA,DJI_0486.JPG,D:\drone\DCIM\109MEDIA\DJI_0486.JPG,-49.34877252777778,-27.395957166666665,560.059,2026:03:01 15:54:52
109MEDIA,DJI_0487.JPG,D:\drone\DCIM\109MEDIA\DJI_0487.JPG,-49.34878061111112,-27.395999194444443,559.959,2026:03:01 15:54:54
109MEDIA,DJI_0488.JPG,D:\drone\DCIM\109MEDIA\DJI_0488.JPG,-49.34874488888889,-27.39601111111111,559.859,2026:03:01 15:54:56
109MEDIA,DJI_0489.JPG,D:\drone\DCIM\109MEDIA\DJI_0489.JPG,-49.348716361111116,-27.395984194444445,559.859,2026:03:01 15:54:58
109MEDIA,DJI_0490.JPG,D:\drone\DCIM\109MEDIA\DJI_0490.JPG,-49.348695250000006,-27.395944694444445,559.959,2026:03:01 15:55:00
109MEDIA,DJI_0491.JPG,D:\drone\DCIM\109MEDIA\DJI_0491.JPG,-49.34866713888889,-27.395897944444442,559.859,2026:03:01 15:55:02
109MEDIA,DJI_0492.JPG,D:\drone\DCIM\109MEDIA\DJI_0492.JPG,-49.34861180555556,-27.39586561111111,559.759,2026:03:01 15:55:04
109MEDIA,DJI_0493.JPG,D:\drone\DCIM\109MEDIA\DJI_0493.JPG,-49.3485535,-27.395890416666667,559.759,2026:03:01 15:55:06
109MEDIA,DJI_0494.JPG,D:\drone\DCIM\109MEDIA\DJI_0494.JPG,-49.348473472222224,-27.395888694444444,559.759,2026:03:01 15:55:08
109MEDIA,DJI_0495.JPG,D:\drone\DCIM\109MEDIA\DJI_0495.JPG,-49.34839791666667,-27.39587925,559.859,2026:03:01 15:55:10
109MEDIA,DJI_0496.JPG,D:\drone\DCIM\109MEDIA\DJI_0496.JPG,-49.348307444444444,-27.39586836111111,559.859,2026:03:01 15:55:12
109MEDIA,DJI_0497.JPG,D:\drone\DCIM\109MEDIA\DJI_0497.JPG,-49.348212583333336,-27.395854666666665,559.759,2026:03:01 15:55:14
109MEDIA,DJI_0498.JPG,D:\drone\DCIM\109MEDIA\DJI_0498.JPG,-49.34810511111111,-27.395838055555554,559.759,2026:03:01 15:55:16
109MEDIA,DJI_0499.JPG,D:\drone\DCIM\109MEDIA\DJI_0499.JPG,-49.34800602777778,-27.39582508333333,559.759,2026:03:01 15:55:18
109MEDIA,DJI_0500.JPG,D:\drone\DCIM\109MEDIA\DJI_0500.JPG,-49.34789913888889,-27.39580875,559.659,2026:03:01 15:55:20
109MEDIA,DJI_0501.JPG,D:\drone\DCIM\109MEDIA\DJI_0501.JPG,-49.34778066666667,-27.39579375,559.859,2026:03:01 15:55:22
109MEDIA,DJI_0502.JPG,D:\drone\DCIM\109MEDIA\DJI_0502.JPG,-49.34772688888889,-27.395787305555555,559.759,2026:03:01 15:55:24
109MEDIA,DJI_0503.JPG,D:\drone\DCIM\109MEDIA\DJI_0503.JPG,-49.34773122222222,-27.395789555555556,559.759,2026:03:01 15:55:26
109MEDIA,DJI_0504.JPG,D:\drone\DCIM\109MEDIA\DJI_0504.JPG,-49.34773205555556,-27.395790416666667,559.759,2026:03:01 15:55:28
109MEDIA,DJI_0505.JPG,D:\drone\DCIM\109MEDIA\DJI_0505.JPG,-49.34773144444445,-27.39579063888889,559.759,2026:03:01 15:55:30
109MEDIA,DJI_0506.JPG,D:\drone\DCIM\109MEDIA\DJI_0506.JPG,-49.34773094444445,-27.395790944444443,559.859,2026:03:01 15:55:32
109MEDIA,DJI_0507.JPG,D:\drone\DCIM\109MEDIA\DJI_0507.JPG,-49.34773027777778,-27.39579147222222,559.859,2026:03:01 15:55:34
109MEDIA,DJI_0508.JPG,D:\drone\DCIM\109MEDIA\DJI_0508.JPG,-49.347730222222225,-27.395790555555553,559.859,2026:03:01 15:55:36
109MEDIA,DJI_0509.JPG,D:\drone\DCIM\109MEDIA\DJI_0509.JPG,-49.34773138888889,-27.39579086111111,559.859,2026:03:01 15:55:38
109MEDIA,DJI_0510.JPG,D:\drone\DCIM\109MEDIA\DJI_0510.JPG,-49.34772375,-27.395837,559.859,2026:03:01 15:55:40
109MEDIA,DJI_0511.JPG,D:\drone\DCIM\109MEDIA\DJI_0511.JPG,-49.347686333333336,-27.39594725,559.959,2026:03:01 15:55:42
109MEDIA,DJI_0512.JPG,D:\drone\DCIM\109MEDIA\DJI_0512.JPG,-49.347626250000005,-27.396095805555554,559.859,2026:03:01 15:55:44
109MEDIA,DJI_0513.JPG,D:\drone\DCIM\109MEDIA\DJI_0513.JPG,-49.34754069444445,-27.396229555555554,559.859,2026:03:01 15:55:46
109MEDIA,DJI_0514.JPG,D:\drone\DCIM\109MEDIA\DJI_0514.JPG,-49.34741694444445,-27.39629811111111,559.659,2026:03:01 15:55:48
109MEDIA,DJI_0515.JPG,D:\drone\DCIM\109MEDIA\DJI_0515.JPG,-49.34726694444445,-27.396331194444443,559.859,2026:03:01 15:55:50
109MEDIA,DJI_0516.JPG,D:\drone\DCIM\109MEDIA\DJI_0516.JPG,-49.34718077777778,-27.396352027777777,559.759,2026:03:01 15:55:52
109MEDIA,DJI_0517.JPG,D:\drone\DCIM\109MEDIA\DJI_0517.JPG,-49.347121944444446,-27.39637513888889,559.759,2026:03:01 15:55:54
109MEDIA,DJI_0518.JPG,D:\drone\DCIM\109MEDIA\DJI_0518.JPG,-49.34702163888889,-27.396423638888887,559.659,2026:03:01 15:55:56
109MEDIA,DJI_0519.JPG,D:\drone\DCIM\109MEDIA\DJI_0519.JPG,-49.346907083333335,-27.396478555555554,559.759,2026:03:01 15:55:58
109MEDIA,DJI_0520.JPG,D:\drone\DCIM\109MEDIA\DJI_0520.JPG,-49.34679027777778,-27.39653308333333,559.759,2026:03:01 15:56:00
109MEDIA,DJI_0521.JPG,D:\drone\DCIM\109MEDIA\DJI_0521.JPG,-49.34667208333334,-27.39658786111111,559.759,2026:03:01 15:56:02
109MEDIA,DJI_0522.JPG,D:\drone\DCIM\109MEDIA\DJI_0522.JPG,-49.34654183333333,-27.396617499999998,559.759,2026:03:01 15:56:04
109MEDIA,DJI_0523.JPG,D:\drone\DCIM\109MEDIA\DJI_0523.JPG,-49.346455222222225,-27.396556722222222,559.859,2026:03:01 15:56:06
109MEDIA,DJI_0524.JPG,D:\drone\DCIM\109MEDIA\DJI_0524.JPG,-49.346437333333334,-27.396489555555554,559.859,2026:03:01 15:56:08
109MEDIA,DJI_0525.JPG,D:\drone\DCIM\109MEDIA\DJI_0525.JPG,-49.34645186111111,-27.39647888888889,559.859,2026:03:01 15:56:10
109MEDIA,DJI_0526.JPG,D:\drone\DCIM\109MEDIA\DJI_0526.JPG,-49.346530944444446,-27.396410333333332,559.859,2026:03:01 15:56:12
109MEDIA,DJI_0527.JPG,D:\drone\DCIM\109MEDIA\DJI_0527.JPG,-49.34662755555556,-27.396326638888887,559.959,2026:03:01 15:56:14
109MEDIA,DJI_0528.JPG,D:\drone\DCIM\109MEDIA\DJI_0528.JPG,-49.34666444444445,-27.396296416666665,559.859,2026:03:01 15:56:16
109MEDIA,DJI_0529.JPG,D:\drone\DCIM\109MEDIA\DJI_0529.JPG,-49.34673336111111,-27.396238472222223,559.959,2026:03:01 15:56:18
109MEDIA,DJI_0530.JPG,D:\drone\DCIM\109MEDIA\DJI_0530.JPG,-49.34681744444445,-27.396166083333334,559.959,2026:03:01 15:56:20
109MEDIA,DJI_0531.JPG,D:\drone\DCIM\109MEDIA\DJI_0531.JPG,-49.34690302777778,-27.3960955,559.859,2026:03:01 15:56:22
109MEDIA,DJI_0532.JPG,D:\drone\DCIM\109MEDIA\DJI_0532.JPG,-49.34702522222222,-27.396064111111112,559.859,2026:03:01 15:56:24
109MEDIA,DJI_0533.JPG,D:\drone\DCIM\109MEDIA\DJI_0533.JPG,-49.34713144444445,-27.396102916666667,559.859,2026:03:01 15:56:26
109MEDIA,DJI_0534.JPG,D:\drone\DCIM\109MEDIA\DJI_0534.JPG,-49.34717830555556,-27.396201777777776,559.859,2026:03:01 15:56:28
109MEDIA,DJI_0535.JPG,D:\drone\DCIM\109MEDIA\DJI_0535.JPG,-49.34713847222223,-27.396284416666667,559.859,2026:03:01 15:56:30
109MEDIA,DJI_0536.JPG,D:\drone\DCIM\109MEDIA\DJI_0536.JPG,-49.347043722222224,-27.396288249999998,559.859,2026:03:01 15:56:32
109MEDIA,DJI_0537.JPG,D:\drone\DCIM\109MEDIA\DJI_0537.JPG,-49.346956722222224,-27.396240972222223,559.959,2026:03:01 15:56:34
109MEDIA,DJI_0538.JPG,D:\drone\DCIM\109MEDIA\DJI_0538.JPG,-49.346863,-27.396239277777777,560.059,2026:03:01 15:56:36
109MEDIA,DJI_0539.JPG,D:\drone\DCIM\109MEDIA\DJI_0539.JPG,-49.34674288888889,-27.396245583333332,559.959,2026:03:01 15:56:38
109MEDIA,DJI_0540.JPG,D:\drone\DCIM\109MEDIA\DJI_0540.JPG,-49.346628111111116,-27.39620961111111,560.059,2026:03:01 15:56:40
109MEDIA,DJI_0541.JPG,D:\drone\DCIM\109MEDIA\DJI_0541.JPG,-49.346515833333335,-27.396147416666665,560.159,2026:03:01 15:56:42
109MEDIA,DJI_0542.JPG,D:\drone\DCIM\109MEDIA\DJI_0542.JPG,-49.34639338888889,-27.396087583333333,560.059,2026:03:01 15:56:44
109MEDIA,DJI_0543.JPG,D:\drone\DCIM\109MEDIA\DJI_0543.JPG,-49.346262333333335,-27.396015249999998,560.259,2026:03:01 15:56:46
109MEDIA,DJI_0544.JPG,D:\drone\DCIM\109MEDIA\DJI_0544.JPG,-49.346245,-27.395998305555555,560.159,2026:03:01 15:56:48
109MEDIA,DJI_0545.JPG,D:\drone\DCIM\109MEDIA\DJI_0545.JPG,-49.346277416666666,-27.395971361111112,560.359,2026:03:01 15:56:50
109MEDIA,DJI_0546.JPG,D:\drone\DCIM\109MEDIA\DJI_0546.JPG,-49.34635630555556,-27.39591775,560.259,2026:03:01 15:56:52
109MEDIA,DJI_0547.JPG,D:\drone\DCIM\109MEDIA\DJI_0547.JPG,-49.34639275,-27.395892611111112,560.359,2026:03:01 15:56:54
109MEDIA,DJI_0548.JPG,D:\drone\DCIM\109MEDIA\DJI_0548.JPG,-49.34645044444445,-27.39585125,560.159,2026:03:01 15:56:56
109MEDIA,DJI_0549.JPG,D:\drone\DCIM\109MEDIA\DJI_0549.JPG,-49.346527972222226,-27.395817861111112,560.159,2026:03:01 15:56:58
109MEDIA,DJI_0550.JPG,D:\drone\DCIM\109MEDIA\DJI_0550.JPG,-49.34660166666667,-27.395822416666665,560.159,2026:03:01 15:57:00
109MEDIA,DJI_0551.JPG,D:\drone\DCIM\109MEDIA\DJI_0551.JPG,-49.34666152777778,-27.39585811111111,560.159,2026:03:01 15:57:02
109MEDIA,DJI_0552.JPG,D:\drone\DCIM\109MEDIA\DJI_0552.JPG,-49.34671288888889,-27.39589872222222,560.359,2026:03:01 15:57:04
109MEDIA,DJI_0553.JPG,D:\drone\DCIM\109MEDIA\DJI_0553.JPG,-49.34676641666667,-27.395945,560.459,2026:03:01 15:57:06
109MEDIA,DJI_0554.JPG,D:\drone\DCIM\109MEDIA\DJI_0554.JPG,-49.34682241666667,-27.395981222222222,560.459,2026:03:01 15:57:08
109MEDIA,DJI_0555.JPG,D:\drone\DCIM\109MEDIA\DJI_0555.JPG,-49.346892555555556,-27.395997916666666,560.459,2026:03:01 15:57:10
109MEDIA,DJI_0556.JPG,D:\drone\DCIM\109MEDIA\DJI_0556.JPG,-49.34696002777778,-27.395995833333334,560.059,2026:03:01 15:57:12
109MEDIA,DJI_0557.JPG,D:\drone\DCIM\109MEDIA\DJI_0557.JPG,-49.346980111111115,-27.3959965,558.659,2026:03:01 15:57:14
109MEDIA,DJI_0558.JPG,D:\drone\DCIM\109MEDIA\DJI_0558.JPG,-49.34707125,-27.395991638888887,558.559,2026:03:01 15:57:16
109MEDIA,DJI_0559.JPG,D:\drone\DCIM\109MEDIA\DJI_0559.JPG,-49.347143583333335,-27.395995416666665,558.559,2026:03:01 15:57:18
109MEDIA,DJI_0560.JPG,D:\drone\DCIM\109MEDIA\DJI_0560.JPG,-49.34720461111112,-27.396014583333333,558.659,2026:03:01 15:57:20
109MEDIA,DJI_0561.JPG,D:\drone\DCIM\109MEDIA\DJI_0561.JPG,-49.34729244444445,-27.39605275,558.659,2026:03:01 15:57:22
109MEDIA,DJI_0562.JPG,D:\drone\DCIM\109MEDIA\DJI_0562.JPG,-49.347378250000006,-27.396091777777777,558.659,2026:03:01 15:57:24
109MEDIA,DJI_0563.JPG,D:\drone\DCIM\109MEDIA\DJI_0563.JPG,-49.34738491666667,-27.39609325,558.559,2026:03:01 15:57:26
109MEDIA,DJI_0564.JPG,D:\drone\DCIM\109MEDIA\DJI_0564.JPG,-49.34744663888889,-27.396052444444443,558.359,2026:03:01 15:57:28
109MEDIA,DJI_0565.JPG,D:\drone\DCIM\109MEDIA\DJI_0565.JPG,-49.34754263888889,-27.395981527777778,552.559,2026:03:01 15:57:30
109MEDIA,DJI_0566.JPG,D:\drone\DCIM\109MEDIA\DJI_0566.JPG,-49.347555444444446,-27.39597827777778,548.059,2026:03:01 15:57:32
109MEDIA,DJI_0567.JPG,D:\drone\DCIM\109MEDIA\DJI_0567.JPG,-49.34755925,-27.395977388888888,548.059,2026:03:01 15:57:34
109MEDIA,DJI_0568.JPG,D:\drone\DCIM\109MEDIA\DJI_0568.JPG,-49.347559333333336,-27.395977666666667,548.059,2026:03:01 15:57:36
109MEDIA,DJI_0569.JPG,D:\drone\DCIM\109MEDIA\DJI_0569.JPG,-49.34755938888889,-27.39597722222222,548.059,2026:03:01 15:57:38
109MEDIA,DJI_0570.JPG,D:\drone\DCIM\109MEDIA\DJI_0570.JPG,-49.34756019444445,-27.395977777777777,548.059,2026:03:01 15:57:40
109MEDIA,DJI_0571.JPG,D:\drone\DCIM\109MEDIA\DJI_0571.JPG,-49.34756022222223,-27.395977333333335,547.959,2026:03:01 15:57:42
109MEDIA,DJI_0572.JPG,D:\drone\DCIM\109MEDIA\DJI_0572.JPG,-49.34756058333333,-27.395978694444445,547.459,2026:03:01 15:57:44
109MEDIA,DJI_0573.JPG,D:\drone\DCIM\109MEDIA\DJI_0573.JPG,-49.347561,-27.39597847222222,546.859,2026:03:01 15:57:46
109MEDIA,DJI_0574.JPG,D:\drone\DCIM\109MEDIA\DJI_0574.JPG,-49.34756294444445,-27.395976972222222,546.859,2026:03:01 15:57:48
109MEDIA,DJI_0575.JPG,D:\drone\DCIM\109MEDIA\DJI_0575.JPG,-49.34751861111111,-27.396005166666665,546.559,2026:03:01 15:57:50
109MEDIA,DJI_0576.JPG,D:\drone\DCIM\109MEDIA\DJI_0576.JPG,-49.34751163888889,-27.39601097222222,544.559,2026:03:01 15:57:52
109MEDIA,DJI_0577.JPG,D:\drone\DCIM\109MEDIA\DJI_0577.JPG,-49.347479944444444,-27.396026944444444,544.059,2026:03:01 15:57:54
109MEDIA,DJI_0578.JPG,D:\drone\DCIM\109MEDIA\DJI_0578.JPG,-49.347437694444444,-27.39604975,542.059,2026:03:01 15:57:56
109MEDIA,DJI_0579.JPG,D:\drone\DCIM\109MEDIA\DJI_0579.JPG,-49.347438555555556,-27.39605163888889,542.059,2026:03:01 15:57:58
109MEDIA,DJI_0580.JPG,D:\drone\DCIM\109MEDIA\DJI_0580.JPG,-49.34743647222223,-27.396049166666668,541.759,2026:03:01 15:58:00
109MEDIA,DJI_0581.JPG,D:\drone\DCIM\109MEDIA\DJI_0581.JPG,-49.347382083333336,-27.396021722222223,541.759,2026:03:01 15:58:02
109MEDIA,DJI_0582.JPG,D:\drone\DCIM\109MEDIA\DJI_0582.JPG,-49.34731575,-27.396,541.759,2026:03:01 15:58:04
109MEDIA,DJI_0583.JPG,D:\drone\DCIM\109MEDIA\DJI_0583.JPG,-49.34731580555556,-27.39599886111111,542.959,2026:03:01 15:58:06
109MEDIA,DJI_0584.JPG,D:\drone\DCIM\109MEDIA\DJI_0584.JPG,-49.347310472222226,-27.395969472222223,542.959,2026:03:01 15:58:08
109MEDIA,DJI_0585.JPG,D:\drone\DCIM\109MEDIA\DJI_0585.JPG,-49.34729905555556,-27.39591788888889,543.159,2026:03:01 15:58:10
109MEDIA,DJI_0586.JPG,D:\drone\DCIM\109MEDIA\DJI_0586.JPG,-49.34729352777778,-27.395902916666667,544.159,2026:03:01 15:58:12
109MEDIA,DJI_0587.JPG,D:\drone\DCIM\109MEDIA\DJI_0587.JPG,-49.347267305555555,-27.395812444444445,544.159,2026:03:01 15:58:14
109MEDIA,DJI_0588.JPG,D:\drone\DCIM\109MEDIA\DJI_0588.JPG,-49.34723647222223,-27.395689583333333,544.159,2026:03:01 15:58:16
109MEDIA,DJI_0589.JPG,D:\drone\DCIM\109MEDIA\DJI_0589.JPG,-49.34720416666667,-27.395546777777778,544.059,2026:03:01 15:58:18
109MEDIA,DJI_0590.JPG,D:\drone\DCIM\109MEDIA\DJI_0590.JPG,-49.347168361111116,-27.395412055555553,544.159,2026:03:01 15:58:20
109MEDIA,DJI_0591.JPG,D:\drone\DCIM\109MEDIA\DJI_0591.JPG,-49.34715975,-27.39537836111111,543.959,2026:03:01 15:58:22
109MEDIA,DJI_0592.JPG,D:\drone\DCIM\109MEDIA\DJI_0592.JPG,-49.34715991666667,-27.39537836111111,543.759,2026:03:01 15:58:24
109MEDIA,DJI_0593.JPG,D:\drone\DCIM\109MEDIA\DJI_0593.JPG,-49.34715794444445,-27.39538711111111,543.759,2026:03:01 15:58:26
109MEDIA,DJI_0594.JPG,D:\drone\DCIM\109MEDIA\DJI_0594.JPG,-49.347113944444445,-27.395461194444444,543.859,2026:03:01 15:58:28
109MEDIA,DJI_0595.JPG,D:\drone\DCIM\109MEDIA\DJI_0595.JPG,-49.34704902777778,-27.395558916666666,543.859,2026:03:01 15:58:30
109MEDIA,DJI_0596.JPG,D:\drone\DCIM\109MEDIA\DJI_0596.JPG,-49.3470255,-27.395594777777777,543.759,2026:03:01 15:58:32
109MEDIA,DJI_0597.JPG,D:\drone\DCIM\109MEDIA\DJI_0597.JPG,-49.346983083333335,-27.39565647222222,543.659,2026:03:01 15:58:34
109MEDIA,DJI_0598.JPG,D:\drone\DCIM\109MEDIA\DJI_0598.JPG,-49.34696072222223,-27.395691166666666,543.659,2026:03:01 15:58:36
109MEDIA,DJI_0599.JPG,D:\drone\DCIM\109MEDIA\DJI_0599.JPG,-49.34696133333333,-27.39569127777778,543.759,2026:03:01 15:58:38
109MEDIA,DJI_0600.JPG,D:\drone\DCIM\109MEDIA\DJI_0600.JPG,-49.34696108333333,-27.395691361111112,544.759,2026:03:01 15:58:40
109MEDIA,DJI_0601.JPG,D:\drone\DCIM\109MEDIA\DJI_0601.JPG,-49.34695655555556,-27.395702472222222,547.459,2026:03:01 15:58:42
109MEDIA,DJI_0602.JPG,D:\drone\DCIM\109MEDIA\DJI_0602.JPG,-49.34689813888889,-27.395776805555556,547.559,2026:03:01 15:58:44
109MEDIA,DJI_0603.JPG,D:\drone\DCIM\109MEDIA\DJI_0603.JPG,-49.34682388888889,-27.395853916666667,547.559,2026:03:01 15:58:46
109MEDIA,DJI_0604.JPG,D:\drone\DCIM\109MEDIA\DJI_0604.JPG,-49.34682325,-27.395857638888888,547.459,2026:03:01 15:58:48
109MEDIA,DJI_0605.JPG,D:\drone\DCIM\109MEDIA\DJI_0605.JPG,-49.34678013888889,-27.395874055555556,547.459,2026:03:01 15:58:50
109MEDIA,DJI_0606.JPG,D:\drone\DCIM\109MEDIA\DJI_0606.JPG,-49.34668244444445,-27.39590111111111,547.559,2026:03:01 15:58:52
109MEDIA,DJI_0607.JPG,D:\drone\DCIM\109MEDIA\DJI_0607.JPG,-49.346681805555555,-27.395900083333334,547.459,2026:03:01 15:58:54
109MEDIA,DJI_0608.JPG,D:\drone\DCIM\109MEDIA\DJI_0608.JPG,-49.346681833333335,-27.395901333333335,547.459,2026:03:01 15:58:56
109MEDIA,DJI_0609.JPG,D:\drone\DCIM\109MEDIA\DJI_0609.JPG,-49.34668147222222,-27.39590247222222,547.459,2026:03:01 15:58:58
109MEDIA,DJI_0610.JPG,D:\drone\DCIM\109MEDIA\DJI_0610.JPG,-49.346680194444446,-27.395903416666666,547.459,2026:03:01 15:59:00
109MEDIA,DJI_0611.JPG,D:\drone\DCIM\109MEDIA\DJI_0611.JPG,-49.34667944444445,-27.39590397222222,547.459,2026:03:01 15:59:02
109MEDIA,DJI_0612.JPG,D:\drone\DCIM\109MEDIA\DJI_0612.JPG,-49.34667988888889,-27.395904388888887,547.459,2026:03:01 15:59:04
109MEDIA,DJI_0613.JPG,D:\drone\DCIM\109MEDIA\DJI_0613.JPG,-49.34667872222222,-27.39590388888889,547.459,2026:03:01 15:59:06
109MEDIA,DJI_0614.JPG,D:\drone\DCIM\109MEDIA\DJI_0614.JPG,-49.346676305555555,-27.395903027777777,547.459,2026:03:01 15:59:08
109MEDIA,DJI_0615.JPG,D:\drone\DCIM\109MEDIA\DJI_0615.JPG,-49.34662602777778,-27.395870555555554,547.559,2026:03:01 15:59:10
109MEDIA,DJI_0616.JPG,D:\drone\DCIM\109MEDIA\DJI_0616.JPG,-49.34662186111111,-27.395866972222223,548.459,2026:03:01 15:59:12
109MEDIA,DJI_0617.JPG,D:\drone\DCIM\109MEDIA\DJI_0617.JPG,-49.34653572222223,-27.395842166666664,548.759,2026:03:01 15:59:14
109MEDIA,DJI_0618.JPG,D:\drone\DCIM\109MEDIA\DJI_0618.JPG,-49.34652669444445,-27.3958385,553.359,2026:03:01 15:59:16
109MEDIA,DJI_0619.JPG,D:\drone\DCIM\109MEDIA\DJI_0619.JPG,-49.34647302777778,-27.39582863888889,553.659,2026:03:01 15:59:18
109MEDIA,DJI_0620.JPG,D:\drone\DCIM\109MEDIA\DJI_0620.JPG,-49.34637177777778,-27.395838305555554,553.759,2026:03:01 15:59:20
109MEDIA,DJI_0621.JPG,D:\drone\DCIM\109MEDIA\DJI_0621.JPG,-49.34636127777778,-27.39584061111111,553.659,2026:03:01 15:59:22
109MEDIA,DJI_0622.JPG,D:\drone\DCIM\109MEDIA\DJI_0622.JPG,-49.34635827777778,-27.3958525,553.559,2026:03:01 15:59:24
109MEDIA,DJI_0623.JPG,D:\drone\DCIM\109MEDIA\DJI_0623.JPG,-49.34635219444445,-27.39588125,553.659,2026:03:01 15:59:26
109MEDIA,DJI_0624.JPG,D:\drone\DCIM\109MEDIA\DJI_0624.JPG,-49.34635730555556,-27.39588325,553.759,2026:03:01 15:59:28
109MEDIA,DJI_0625.JPG,D:\drone\DCIM\109MEDIA\DJI_0625.JPG,-49.34634388888889,-27.3959165,553.659,2026:03:01 15:59:30
109MEDIA,DJI_0626.JPG,D:\drone\DCIM\109MEDIA\DJI_0626.JPG,-49.34629433333333,-27.396025444444444,553.859,2026:03:01 15:59:32
109MEDIA,DJI_0627.JPG,D:\drone\DCIM\109MEDIA\DJI_0627.JPG,-49.346287805555555,-27.39604261111111,553.659,2026:03:01 15:59:34
109MEDIA,DJI_0628.JPG,D:\drone\DCIM\109MEDIA\DJI_0628.JPG,-49.346287333333336,-27.396043166666665,553.659,2026:03:01 15:59:36
109MEDIA,DJI_0629.JPG,D:\drone\DCIM\109MEDIA\DJI_0629.JPG,-49.346288722222226,-27.39604322222222,553.459,2026:03:01 15:59:38
109MEDIA,DJI_0630.JPG,D:\drone\DCIM\109MEDIA\DJI_0630.JPG,-49.34629138888889,-27.396043833333334,553.259,2026:03:01 15:59:40
109MEDIA,DJI_0631.JPG,D:\drone\DCIM\109MEDIA\DJI_0631.JPG,-49.34629402777778,-27.396044444444446,553.259,2026:03:01 15:59:42
109MEDIA,DJI_0632.JPG,D:\drone\DCIM\109MEDIA\DJI_0632.JPG,-49.346299111111115,-27.39604577777778,553.559,2026:03:01 15:59:44
109MEDIA,DJI_0633.JPG,D:\drone\DCIM\109MEDIA\DJI_0633.JPG,-49.34630111111111,-27.396046805555557,553.559,2026:03:01 15:59:46
109MEDIA,DJI_0634.JPG,D:\drone\DCIM\109MEDIA\DJI_0634.JPG,-49.34630191666667,-27.39604688888889,553.659,2026:03:01 15:59:48
109MEDIA,DJI_0635.JPG,D:\drone\DCIM\109MEDIA\DJI_0635.JPG,-49.34630452777778,-27.39604472222222,561.359,2026:03:01 15:59:50
109MEDIA,DJI_0636.JPG,D:\drone\DCIM\109MEDIA\DJI_0636.JPG,-49.34630605555556,-27.396043666666667,570.859,2026:03:01 15:59:52
109MEDIA,DJI_0637.JPG,D:\drone\DCIM\109MEDIA\DJI_0637.JPG,-49.34630702777778,-27.396044888888888,580.059,2026:03:01 15:59:54
109MEDIA,DJI_0638.JPG,D:\drone\DCIM\109MEDIA\DJI_0638.JPG,-49.34630916666667,-27.396045277777777,587.759,2026:03:01 15:59:56
109MEDIA,DJI_0639.JPG,D:\drone\DCIM\109MEDIA\DJI_0639.JPG,-49.34630719444445,-27.39604561111111,594.059,2026:03:01 15:59:58
109MEDIA,DJI_0640.JPG,D:\drone\DCIM\109MEDIA\DJI_0640.JPG,-49.346305972222225,-27.396045583333333,600.759,2026:03:01 16:00:00
109MEDIA,DJI_0641.JPG,D:\drone\DCIM\109MEDIA\DJI_0641.JPG,-49.346305722222226,-27.39604511111111,606.859,2026:03:01 16:00:02
109MEDIA,DJI_0642.JPG,D:\drone\DCIM\109MEDIA\DJI_0642.JPG,-49.34630522222223,-27.39604538888889,612.859,2026:03:01 16:00:04
109MEDIA,DJI_0643.JPG,D:\drone\DCIM\109MEDIA\DJI_0643.JPG,-49.346306250000005,-27.396044888888888,621.159,2026:03:01 16:00:06
109MEDIA,DJI_0644.JPG,D:\drone\DCIM\109MEDIA\DJI_0644.JPG,-49.346307055555556,-27.39604438888889,628.559,2026:03:01 16:00:08
109MEDIA,DJI_0645.JPG,D:\drone\DCIM\109MEDIA\DJI_0645.JPG,-49.34630927777778,-27.39604472222222,631.159,2026:03:01 16:00:10
109MEDIA,DJI_0646.JPG,D:\drone\DCIM\109MEDIA\DJI_0646.JPG,-49.34630713888889,-27.396046194444445,631.859,2026:03:01 16:00:12
109MEDIA,DJI_0647.JPG,D:\drone\DCIM\109MEDIA\DJI_0647.JPG,-49.34630552777778,-27.39604588888889,632.859,2026:03:01 16:00:14
109MEDIA,DJI_0648.JPG,D:\drone\DCIM\109MEDIA\DJI_0648.JPG,-49.34630586111111,-27.396046194444445,633.459,2026:03:01 16:00:16
109MEDIA,DJI_0649.JPG,D:\drone\DCIM\109MEDIA\DJI_0649.JPG,-49.346383361111116,-27.39601961111111,633.359,2026:03:01 16:00:18
109MEDIA,DJI_0650.JPG,D:\drone\DCIM\109MEDIA\DJI_0650.JPG,-49.346572916666666,-27.395954027777776,633.359,2026:03:01 16:00:20
109MEDIA,DJI_0651.JPG,D:\drone\DCIM\109MEDIA\DJI_0651.JPG,-49.34677336111111,-27.395884805555553,633.359,2026:03:01 16:00:22
109MEDIA,DJI_0652.JPG,D:\drone\DCIM\109MEDIA\DJI_0652.JPG,-49.34690469444445,-27.395839444444444,633.359,2026:03:01 16:00:24
109MEDIA,DJI_0653.JPG,D:\drone\DCIM\109MEDIA\DJI_0653.JPG,-49.346965250000004,-27.39581886111111,633.259,2026:03:01 16:00:26
109MEDIA,DJI_0654.JPG,D:\drone\DCIM\109MEDIA\DJI_0654.JPG,-49.34702305555556,-27.395798583333335,633.359,2026:03:01 16:00:28
109MEDIA,DJI_0655.JPG,D:\drone\DCIM\109MEDIA\DJI_0655.JPG,-49.34707919444445,-27.395779027777778,633.359,2026:03:01 16:00:30
109MEDIA,DJI_0656.JPG,D:\drone\DCIM\109MEDIA\DJI_0656.JPG,-49.34713683333334,-27.395759583333334,633.359,2026:03:01 16:00:32
109MEDIA,DJI_0657.JPG,D:\drone\DCIM\109MEDIA\DJI_0657.JPG,-49.34717280555556,-27.3957475,633.359,2026:03:01 16:00:34
109MEDIA,DJI_0658.JPG,D:\drone\DCIM\109MEDIA\DJI_0658.JPG,-49.34717533333333,-27.395747444444442,633.259,2026:03:01 16:00:36
109MEDIA,DJI_0659.JPG,D:\drone\DCIM\109MEDIA\DJI_0659.JPG,-49.34717563888889,-27.39574888888889,629.259,2026:03:01 16:00:38
109MEDIA,DJI_0660.JPG,D:\drone\DCIM\109MEDIA\DJI_0660.JPG,-49.34717358333334,-27.39575072222222,621.059,2026:03:01 16:00:40
109MEDIA,DJI_0661.JPG,D:\drone\DCIM\109MEDIA\DJI_0661.JPG,-49.347174111111116,-27.395750333333332,611.059,2026:03:01 16:00:42
109MEDIA,DJI_0662.JPG,D:\drone\DCIM\109MEDIA\DJI_0662.JPG,-49.34717552777778,-27.39574908333333,601.059,2026:03:01 16:00:44
109MEDIA,DJI_0663.JPG,D:\drone\DCIM\109MEDIA\DJI_0663.JPG,-49.347175222222226,-27.395748916666665,591.059,2026:03:01 16:00:46
109MEDIA,DJI_0664.JPG,D:\drone\DCIM\109MEDIA\DJI_0664.JPG,-49.34717766666667,-27.39574875,581.059,2026:03:01 16:00:48
109MEDIA,DJI_0665.JPG,D:\drone\DCIM\109MEDIA\DJI_0665.JPG,-49.347177388888895,-27.39574772222222,571.959,2026:03:01 16:00:50
109MEDIA,DJI_0666.JPG,D:\drone\DCIM\109MEDIA\DJI_0666.JPG,-49.34717638888889,-27.39574825,564.059,2026:03:01 16:00:52
109MEDIA,DJI_0667.JPG,D:\drone\DCIM\109MEDIA\DJI_0667.JPG,-49.347174888888894,-27.39574797222222,558.359,2026:03:01 16:00:54
109MEDIA,DJI_0668.JPG,D:\drone\DCIM\109MEDIA\DJI_0668.JPG,-49.34717744444445,-27.395746111111112,558.359,2026:03:01 16:00:56
109MEDIA,DJI_0669.JPG,D:\drone\DCIM\109MEDIA\DJI_0669.JPG,-49.347177583333334,-27.395745833333333,558.359,2026:03:01 16:00:58
109MEDIA,DJI_0670.JPG,D:\drone\DCIM\109MEDIA\DJI_0670.JPG,-49.34717694444445,-27.39574625,557.259,2026:03:01 16:01:00
109MEDIA,DJI_0671.JPG,D:\drone\DCIM\109MEDIA\DJI_0671.JPG,-49.34717602777778,-27.395747694444445,553.259,2026:03:01 16:01:02
109MEDIA,DJI_0672.JPG,D:\drone\DCIM\109MEDIA\DJI_0672.JPG,-49.34717558333334,-27.39574697222222,549.159,2026:03:01 16:01:04
109MEDIA,DJI_0673.JPG,D:\drone\DCIM\109MEDIA\DJI_0673.JPG,-49.347175722222225,-27.395745583333333,548.959,2026:03:01 16:01:06
109MEDIA,DJI_0674.JPG,D:\drone\DCIM\109MEDIA\DJI_0674.JPG,-49.34717716666667,-27.395747916666664,548.959,2026:03:01 16:01:08
109MEDIA,DJI_0675.JPG,D:\drone\DCIM\109MEDIA\DJI_0675.JPG,-49.347179277777784,-27.395749166666665,549.559,2026:03:01 16:01:10
109MEDIA,DJI_0676.JPG,D:\drone\DCIM\109MEDIA\DJI_0676.JPG,-49.34718552777778,-27.395749249999998,550.059,2026:03:01 16:01:12
109MEDIA,DJI_0677.JPG,D:\drone\DCIM\109MEDIA\DJI_0677.JPG,-49.34719947222222,-27.39575086111111,546.759,2026:03:01 16:01:14
109MEDIA,DJI_0678.JPG,D:\drone\DCIM\109MEDIA\DJI_0678.JPG,-49.347198722222224,-27.395752305555554,542.159,2026:03:01 16:01:16
109MEDIA,DJI_0679.JPG,D:\drone\DCIM\109MEDIA\DJI_0679.JPG,-49.34719952777778,-27.39575188888889,537.959,2026:03:01 16:01:18
109MEDIA,DJI_0680.JPG,D:\drone\DCIM\109MEDIA\DJI_0680.JPG,-49.347200722222226,-27.395750916666668,536.759,2026:03:01 16:01:20
109MEDIA,DJI_0681.JPG,D:\drone\DCIM\109MEDIA\DJI_0681.JPG,-49.34720138888889,-27.395750833333334,536.559,2026:03:01 16:01:22
109MEDIA,DJI_0682.JPG,D:\drone\DCIM\109MEDIA\DJI_0682.JPG,-49.347201472222224,-27.395750333333332,536.159,2026:03:01 16:01:24
109MEDIA,DJI_0683.JPG,D:\drone\DCIM\109MEDIA\DJI_0683.JPG,-49.34720111111111,-27.395749944444443,536.059,2026:03:01 16:01:26
109MEDIA,DJI_0684.JPG,D:\drone\DCIM\109MEDIA\DJI_0684.JPG,-49.34720108333334,-27.395750444444445,535.959,2026:03:01 16:01:28
109MEDIA,DJI_0685.JPG,D:\drone\DCIM\109MEDIA\DJI_0685.JPG,-49.34720188888889,-27.395750444444445,536.259,2026:03:01 16:01:30
109MEDIA,DJI_0686.JPG,D:\drone\DCIM\109MEDIA\DJI_0686.JPG,-49.347202361111115,-27.39575072222222,536.059,2026:03:01 16:01:32
109MEDIA,DJI_0687.JPG,D:\drone\DCIM\109MEDIA\DJI_0687.JPG,-49.347202555555555,-27.395750083333333,536.159,2026:03:01 16:01:34
109MEDIA,DJI_0688.JPG,D:\drone\DCIM\109MEDIA\DJI_0688.JPG,-49.347202861111114,-27.395749972222223,536.159,2026:03:01 16:01:36
109MEDIA,DJI_0689.JPG,D:\drone\DCIM\109MEDIA\DJI_0689.JPG,-49.34720305555556,-27.3957495,533.859,2026:03:01 16:01:38
109MEDIA,DJI_0690.JPG,D:\drone\DCIM\109MEDIA\DJI_0690.JPG,-49.347206472222226,-27.395763944444443,535.852,2026:03:01 16:01:40
109MEDIA,DJI_0691.JPG,D:\drone\DCIM\109MEDIA\DJI_0691.JPG,-49.34720219444445,-27.395771222222223,535.83,2026:03:01 16:01:42
109MEDIA,DJI_0692.JPG,D:\drone\DCIM\109MEDIA\DJI_0692.JPG,-49.347193805555555,-27.395780055555555,535.817,2026:03:01 16:01:44
109MEDIA,DJI_0693.JPG,D:\drone\DCIM\109MEDIA\DJI_0693.JPG,-49.347190861111116,-27.395791833333334,536.181,2026:03:01 16:01:46
109MEDIA,DJI_0694.JPG,D:\drone\DCIM\109MEDIA\DJI_0694.JPG,-49.34718375,-27.39579697222222,536.091,2026:03:01 16:01:48
109MEDIA,DJI_0695.JPG,D:\drone\DCIM\109MEDIA\DJI_0695.JPG,-49.34718897222223,-27.395757666666665,542.182,2026:03:01 16:03:22
109MEDIA,DJI_0696.JPG,D:\drone\DCIM\109MEDIA\DJI_0696.JPG,-49.34718663888889,-27.39575622222222,542.682,2026:03:01 16:03:24
109MEDIA,DJI_0697.JPG,D:\drone\DCIM\109MEDIA\DJI_0697.JPG,-49.34718625,-27.39575586111111,542.982,2026:03:01 16:03:26
109MEDIA,DJI_0698.JPG,D:\drone\DCIM\109MEDIA\DJI_0698.JPG,-49.34718519444445,-27.395756305555555,542.982,2026:03:01 16:03:28
109MEDIA,DJI_0699.JPG,D:\drone\DCIM\109MEDIA\DJI_0699.JPG,-49.347185055555556,-27.39575425,542.982,2026:03:01 16:03:30
109MEDIA,DJI_0700.JPG,D:\drone\DCIM\109MEDIA\DJI_0700.JPG,-49.347185555555555,-27.395754555555555,543.082,2026:03:01 16:03:32
109MEDIA,DJI_0701.JPG,D:\drone\DCIM\109MEDIA\DJI_0701.JPG,-49.34718513888889,-27.395754,542.982,2026:03:01 16:03:35
109MEDIA,DJI_0702.JPG,D:\drone\DCIM\109MEDIA\DJI_0702.JPG,-49.347185083333336,-27.395753555555554,543.082,2026:03:01 16:03:36
109MEDIA,DJI_0703.JPG,D:\drone\DCIM\109MEDIA\DJI_0703.JPG,-49.347184722222224,-27.39575386111111,543.082,2026:03:01 16:03:39
109MEDIA,DJI_0704.JPG,D:\drone\DCIM\109MEDIA\DJI_0704.JPG,-49.34718983333334,-27.39576286111111,543.082,2026:03:01 16:03:40
109MEDIA,DJI_0705.JPG,D:\drone\DCIM\109MEDIA\DJI_0705.JPG,-49.3471965,-27.39578433333333,543.082,2026:03:01 16:03:42
109MEDIA,DJI_0706.JPG,D:\drone\DCIM\109MEDIA\DJI_0706.JPG,-49.347197972222226,-27.39578447222222,544.082,2026:03:01 16:03:44
109MEDIA,DJI_0707.JPG,D:\drone\DCIM\109MEDIA\DJI_0707.JPG,-49.34720497222222,-27.39579375,544.082,2026:03:01 16:03:46
109MEDIA,DJI_0708.JPG,D:\drone\DCIM\109MEDIA\DJI_0708.JPG,-49.347211055555555,-27.395800083333334,543.982,2026:03:01 16:03:48
109MEDIA,DJI_0709.JPG,D:\drone\DCIM\109MEDIA\DJI_0709.JPG,-49.347219611111115,-27.395816416666666,544.082,2026:03:01 16:03:50
109MEDIA,DJI_0710.JPG,D:\drone\DCIM\109MEDIA\DJI_0710.JPG,-49.34724697222222,-27.395853944444443,543.982,2026:03:01 16:03:53
109MEDIA,DJI_0711.JPG,D:\drone\DCIM\109MEDIA\DJI_0711.JPG,-49.347270972222226,-27.395893138888887,543.982,2026:03:01 16:03:54
109MEDIA,DJI_0712.JPG,D:\drone\DCIM\109MEDIA\DJI_0712.JPG,-49.34728694444445,-27.395930055555556,543.982,2026:03:01 16:03:57
109MEDIA,DJI_0713.JPG,D:\drone\DCIM\109MEDIA\DJI_0713.JPG,-49.347298583333334,-27.39596713888889,543.982,2026:03:01 16:03:59
109MEDIA,DJI_0714.JPG,D:\drone\DCIM\109MEDIA\DJI_0714.JPG,-49.347309305555555,-27.396010055555553,543.982,2026:03:01 16:04:00
109MEDIA,DJI_0715.JPG,D:\drone\DCIM\109MEDIA\DJI_0715.JPG,-49.34730733333333,-27.396053138888888,543.982,2026:03:01 16:04:02
109MEDIA,DJI_0716.JPG,D:\drone\DCIM\109MEDIA\DJI_0716.JPG,-49.34729213888889,-27.396095638888887,543.982,2026:03:01 16:04:04
109MEDIA,DJI_0717.JPG,D:\drone\DCIM\109MEDIA\DJI_0717.JPG,-49.34725708333333,-27.396118,543.982,2026:03:01 16:04:06
109MEDIA,DJI_0718.JPG,D:\drone\DCIM\109MEDIA\DJI_0718.JPG,-49.347244833333335,-27.396114083333334,543.882,2026:03:01 16:04:08
109MEDIA,DJI_0719.JPG,D:\drone\DCIM\109MEDIA\DJI_0719.JPG,-49.34724636111111,-27.396112416666668,543.782,2026:03:01 16:04:10
109MEDIA,DJI_0720.JPG,D:\drone\DCIM\109MEDIA\DJI_0720.JPG,-49.347245,-27.396111805555556,543.782,2026:03:01 16:04:13
109MEDIA,DJI_0721.JPG,D:\drone\DCIM\109MEDIA\DJI_0721.JPG,-49.34724425,-27.39611202777778,543.782,2026:03:01 16:04:14
109MEDIA,DJI_0722.JPG,D:\drone\DCIM\109MEDIA\DJI_0722.JPG,-49.34724275,-27.39611202777778,543.782,2026:03:01 16:04:16
109MEDIA,DJI_0723.JPG,D:\drone\DCIM\109MEDIA\DJI_0723.JPG,-49.347240944444444,-27.39611311111111,543.782,2026:03:01 16:04:18
109MEDIA,DJI_0724.JPG,D:\drone\DCIM\109MEDIA\DJI_0724.JPG,-49.347239972222226,-27.39611338888889,543.682,2026:03:01 16:04:21
109MEDIA,DJI_0725.JPG,D:\drone\DCIM\109MEDIA\DJI_0725.JPG,-49.34724008333333,-27.396113027777776,543.782,2026:03:01 16:04:22
109MEDIA,DJI_0726.JPG,D:\drone\DCIM\109MEDIA\DJI_0726.JPG,-49.34724038888889,-27.396113027777776,543.782,2026:03:01 16:04:25
109MEDIA,DJI_0727.JPG,D:\drone\DCIM\109MEDIA\DJI_0727.JPG,-49.34724083333334,-27.396113055555556,543.782,2026:03:01 16:04:26
109MEDIA,DJI_0728.JPG,D:\drone\DCIM\109MEDIA\DJI_0728.JPG,-49.34720513888889,-27.396115444444444,543.782,2026:03:01 16:04:29
109MEDIA,DJI_0729.JPG,D:\drone\DCIM\109MEDIA\DJI_0729.JPG,-49.34715063888889,-27.396119,543.782,2026:03:01 16:04:30
109MEDIA,DJI_0730.JPG,D:\drone\DCIM\109MEDIA\DJI_0730.JPG,-49.347149944444446,-27.396119833333334,543.682,2026:03:01 16:04:32
109MEDIA,DJI_0731.JPG,D:\drone\DCIM\109MEDIA\DJI_0731.JPG,-49.34715588888889,-27.396121472222223,543.582,2026:03:01 16:04:35
109MEDIA,DJI_0732.JPG,D:\drone\DCIM\109MEDIA\DJI_0732.JPG,-49.34710469444445,-27.396110166666666,543.882,2026:03:01 16:04:36
109MEDIA,DJI_0733.JPG,D:\drone\DCIM\109MEDIA\DJI_0733.JPG,-49.34708088888889,-27.396104055555554,543.782,2026:03:01 16:04:38
109MEDIA,DJI_0734.JPG,D:\drone\DCIM\109MEDIA\DJI_0734.JPG,-49.347081333333335,-27.39610397222222,543.682,2026:03:01 16:04:41
109MEDIA,DJI_0735.JPG,D:\drone\DCIM\109MEDIA\DJI_0735.JPG,-49.34706377777778,-27.396047555555555,543.782,2026:03:01 16:04:42
109MEDIA,DJI_0736.JPG,D:\drone\DCIM\109MEDIA\DJI_0736.JPG,-49.347063194444445,-27.396030055555556,543.782,2026:03:01 16:04:45
109MEDIA,DJI_0737.JPG,D:\drone\DCIM\109MEDIA\DJI_0737.JPG,-49.347036555555555,-27.395981888888887,543.682,2026:03:01 16:04:46
109MEDIA,DJI_0738.JPG,D:\drone\DCIM\109MEDIA\DJI_0738.JPG,-49.34699086111112,-27.395904444444444,543.882,2026:03:01 16:04:49
109MEDIA,DJI_0739.JPG,D:\drone\DCIM\109MEDIA\DJI_0739.JPG,-49.34698686111111,-27.39589827777778,544.182,2026:03:01 16:04:51
109MEDIA,DJI_0740.JPG,D:\drone\DCIM\109MEDIA\DJI_0740.JPG,-49.346988111111116,-27.395899194444443,544.582,2026:03:01 16:04:52
109MEDIA,DJI_0741.JPG,D:\drone\DCIM\109MEDIA\DJI_0741.JPG,-49.34698838888889,-27.395898805555554,544.682,2026:03:01 16:04:54
109MEDIA,DJI_0742.JPG,D:\drone\DCIM\109MEDIA\DJI_0742.JPG,-49.34698925,-27.395899222222223,544.682,2026:03:01 16:04:56
109MEDIA,DJI_0743.JPG,D:\drone\DCIM\109MEDIA\DJI_0743.JPG,-49.34698963888889,-27.395900055555554,544.582,2026:03:01 16:04:58
109MEDIA,DJI_0744.JPG,D:\drone\DCIM\109MEDIA\DJI_0744.JPG,-49.34698938888889,-27.395899222222223,544.582,2026:03:01 16:05:01
109MEDIA,DJI_0745.JPG,D:\drone\DCIM\109MEDIA\DJI_0745.JPG,-49.34698880555556,-27.39590022222222,544.682,2026:03:01 16:05:03
109MEDIA,DJI_0746.JPG,D:\drone\DCIM\109MEDIA\DJI_0746.JPG,-49.34698958333333,-27.395899944444444,544.582,2026:03:01 16:05:04
109MEDIA,DJI_0747.JPG,D:\drone\DCIM\109MEDIA\DJI_0747.JPG,-49.346991111111116,-27.395899611111112,544.582,2026:03:01 16:05:06
109MEDIA,DJI_0748.JPG,D:\drone\DCIM\109MEDIA\DJI_0748.JPG,-49.34699263888889,-27.395900166666667,544.582,2026:03:01 16:05:08
109MEDIA,DJI_0749.JPG,D:\drone\DCIM\109MEDIA\DJI_0749.JPG,-49.34699238888889,-27.395900333333334,544.582,2026:03:01 16:05:11
109MEDIA,DJI_0750.JPG,D:\drone\DCIM\109MEDIA\DJI_0750.JPG,-49.34699036111111,-27.395900722222223,544.682,2026:03:01 16:05:13
109MEDIA,DJI_0751.JPG,D:\drone\DCIM\109MEDIA\DJI_0751.JPG,-49.34698844444445,-27.395901444444444,544.682,2026:03:01 16:05:15
109MEDIA,DJI_0752.JPG,D:\drone\DCIM\109MEDIA\DJI_0752.JPG,-49.346957555555555,-27.39593211111111,544.782,2026:03:01 16:05:16
109MEDIA,DJI_0753.JPG,D:\drone\DCIM\109MEDIA\DJI_0753.JPG,-49.346960888888894,-27.395931138888887,544.582,2026:03:01 16:05:18
109MEDIA,DJI_0754.JPG,D:\drone\DCIM\109MEDIA\DJI_0754.JPG,-49.346927666666666,-27.3959375,544.682,2026:03:01 16:05:20
109MEDIA,DJI_0755.JPG,D:\drone\DCIM\109MEDIA\DJI_0755.JPG,-49.34692669444445,-27.39593672222222,544.582,2026:03:01 16:05:23
109MEDIA,DJI_0756.JPG,D:\drone\DCIM\109MEDIA\DJI_0756.JPG,-49.34690605555556,-27.39593636111111,544.682,2026:03:01 16:05:24
109MEDIA,DJI_0757.JPG,D:\drone\DCIM\109MEDIA\DJI_0757.JPG,-49.346874194444446,-27.39593686111111,544.682,2026:03:01 16:05:26
109MEDIA,DJI_0758.JPG,D:\drone\DCIM\109MEDIA\DJI_0758.JPG,-49.346816555555556,-27.39593247222222,544.682,2026:03:01 16:05:28
109MEDIA,DJI_0759.JPG,D:\drone\DCIM\109MEDIA\DJI_0759.JPG,-49.34681747222223,-27.395932333333334,544.582,2026:03:01 16:05:30
109MEDIA,DJI_0760.JPG,D:\drone\DCIM\109MEDIA\DJI_0760.JPG,-49.34681769444445,-27.39593288888889,544.582,2026:03:01 16:05:33
109MEDIA,DJI_0761.JPG,D:\drone\DCIM\109MEDIA\DJI_0761.JPG,-49.34682491666667,-27.395894694444443,544.682,2026:03:01 16:05:34
109MEDIA,DJI_0762.JPG,D:\drone\DCIM\109MEDIA\DJI_0762.JPG,-49.346842361111115,-27.395818916666666,544.582,2026:03:01 16:05:36
109MEDIA,DJI_0763.JPG,D:\drone\DCIM\109MEDIA\DJI_0763.JPG,-49.34685155555556,-27.395814027777778,544.682,2026:03:01 16:05:38
109MEDIA,DJI_0764.JPG,D:\drone\DCIM\109MEDIA\DJI_0764.JPG,-49.346867361111116,-27.39574052777778,544.582,2026:03:01 16:05:40
109MEDIA,DJI_0765.JPG,D:\drone\DCIM\109MEDIA\DJI_0765.JPG,-49.34689136111111,-27.395637194444443,544.582,2026:03:01 16:05:42
109MEDIA,DJI_0766.JPG,D:\drone\DCIM\109MEDIA\DJI_0766.JPG,-49.34689730555556,-27.39562886111111,545.982,2026:03:01 16:05:45
109MEDIA,DJI_0767.JPG,D:\drone\DCIM\109MEDIA\DJI_0767.JPG,-49.346905222222226,-27.395554527777776,546.082,2026:03:01 16:05:47
109MEDIA,DJI_0768.JPG,D:\drone\DCIM\109MEDIA\DJI_0768.JPG,-49.346909555555555,-27.39553527777778,545.982,2026:03:01 16:05:48
109MEDIA,DJI_0769.JPG,D:\drone\DCIM\109MEDIA\DJI_0769.JPG,-49.3469095,-27.395534972222222,546.082,2026:03:01 16:05:50
109MEDIA,DJI_0770.JPG,D:\drone\DCIM\109MEDIA\DJI_0770.JPG,-49.34688175,-27.395514972222223,546.082,2026:03:01 16:05:52
109MEDIA,DJI_0771.JPG,D:\drone\DCIM\109MEDIA\DJI_0771.JPG,-49.34687983333333,-27.395510666666667,545.982,2026:03:01 16:05:55
109MEDIA,DJI_0772.JPG,D:\drone\DCIM\109MEDIA\DJI_0772.JPG,-49.3468715,-27.395505305555556,545.982,2026:03:01 16:05:56
109MEDIA,DJI_0773.JPG,D:\drone\DCIM\109MEDIA\DJI_0773.JPG,-49.34683897222222,-27.395494833333334,546.082,2026:03:01 16:05:58
109MEDIA,DJI_0774.JPG,D:\drone\DCIM\109MEDIA\DJI_0774.JPG,-49.34683972222223,-27.3954925,546.282,2026:03:01 16:06:01
109MEDIA,DJI_0775.JPG,D:\drone\DCIM\109MEDIA\DJI_0775.JPG,-49.34683975,-27.39549308333333,546.982,2026:03:01 16:06:02
109MEDIA,DJI_0776.JPG,D:\drone\DCIM\109MEDIA\DJI_0776.JPG,-49.34683883333334,-27.395493416666667,546.982,2026:03:01 16:06:05
109MEDIA,DJI_0777.JPG,D:\drone\DCIM\109MEDIA\DJI_0777.JPG,-49.34681508333333,-27.395485194444444,546.982,2026:03:01 16:06:07
109MEDIA,DJI_0778.JPG,D:\drone\DCIM\109MEDIA\DJI_0778.JPG,-49.34680769444444,-27.39548125,546.982,2026:03:01 16:06:09
109MEDIA,DJI_0779.JPG,D:\drone\DCIM\109MEDIA\DJI_0779.JPG,-49.34678844444445,-27.39547486111111,546.982,2026:03:01 16:06:10
109MEDIA,DJI_0780.JPG,D:\drone\DCIM\109MEDIA\DJI_0780.JPG,-49.34678644444445,-27.395473777777777,546.982,2026:03:01 16:06:12
109MEDIA,DJI_0781.JPG,D:\drone\DCIM\109MEDIA\DJI_0781.JPG,-49.346780055555556,-27.39547211111111,546.982,2026:03:01 16:06:14
109MEDIA,DJI_0782.JPG,D:\drone\DCIM\109MEDIA\DJI_0782.JPG,-49.34677380555556,-27.39546922222222,548.082,2026:03:01 16:06:17
109MEDIA,DJI_0783.JPG,D:\drone\DCIM\109MEDIA\DJI_0783.JPG,-49.346757833333335,-27.39546275,549.282,2026:03:01 16:06:18
109MEDIA,DJI_0784.JPG,D:\drone\DCIM\109MEDIA\DJI_0784.JPG,-49.34673794444445,-27.395459111111112,549.282,2026:03:01 16:06:21
109MEDIA,DJI_0785.JPG,D:\drone\DCIM\109MEDIA\DJI_0785.JPG,-49.34671430555556,-27.395458194444444,549.382,2026:03:01 16:06:22
109MEDIA,DJI_0786.JPG,D:\drone\DCIM\109MEDIA\DJI_0786.JPG,-49.34666575,-27.395453666666665,549.382,2026:03:01 16:06:25
109MEDIA,DJI_0787.JPG,D:\drone\DCIM\109MEDIA\DJI_0787.JPG,-49.346666694444444,-27.395453277777776,549.082,2026:03:01 16:06:27
109MEDIA,DJI_0788.JPG,D:\drone\DCIM\109MEDIA\DJI_0788.JPG,-49.34666580555556,-27.395454027777777,548.982,2026:03:01 16:06:29
109MEDIA,DJI_0789.JPG,D:\drone\DCIM\109MEDIA\DJI_0789.JPG,-49.346666,-27.395453666666665,548.982,2026:03:01 16:06:31
109MEDIA,DJI_0790.JPG,D:\drone\DCIM\109MEDIA\DJI_0790.JPG,-49.34666605555556,-27.39545361111111,548.982,2026:03:01 16:06:33
109MEDIA,DJI_0791.JPG,D:\drone\DCIM\109MEDIA\DJI_0791.JPG,-49.34666744444445,-27.395453222222223,548.982,2026:03:01 16:06:35
109MEDIA,DJI_0792.JPG,D:\drone\DCIM\109MEDIA\DJI_0792.JPG,-49.34666855555556,-27.395452305555555,548.882,2026:03:01 16:06:37
109MEDIA,DJI_0793.JPG,D:\drone\DCIM\109MEDIA\DJI_0793.JPG,-49.34667091666667,-27.395450166666667,548.982,2026:03:01 16:06:39
109MEDIA,DJI_0794.JPG,D:\drone\DCIM\109MEDIA\DJI_0794.JPG,-49.34668302777778,-27.395451805555556,549.082,2026:03:01 16:06:41
109MEDIA,DJI_0795.JPG,D:\drone\DCIM\109MEDIA\DJI_0795.JPG,-49.34668883333334,-27.395456083333332,549.082,2026:03:01 16:06:43
109MEDIA,DJI_0796.JPG,D:\drone\DCIM\109MEDIA\DJI_0796.JPG,-49.34671305555556,-27.395475388888887,549.082,2026:03:01 16:06:45
109MEDIA,DJI_0797.JPG,D:\drone\DCIM\109MEDIA\DJI_0797.JPG,-49.34671375,-27.395476444444444,549.082,2026:03:01 16:06:47
109MEDIA,DJI_0798.JPG,D:\drone\DCIM\109MEDIA\DJI_0798.JPG,-49.346720222222224,-27.395479388888887,549.082,2026:03:01 16:06:49
109MEDIA,DJI_0799.JPG,D:\drone\DCIM\109MEDIA\DJI_0799.JPG,-49.34673441666667,-27.39550636111111,549.082,2026:03:01 16:06:51
109MEDIA,DJI_0800.JPG,D:\drone\DCIM\109MEDIA\DJI_0800.JPG,-49.34675083333334,-27.39554575,549.082,2026:03:01 16:06:53
109MEDIA,DJI_0801.JPG,D:\drone\DCIM\109MEDIA\DJI_0801.JPG,-49.346755944444446,-27.395558527777776,549.082,2026:03:01 16:06:55
109MEDIA,DJI_0802.JPG,D:\drone\DCIM\109MEDIA\DJI_0802.JPG,-49.34677177777778,-27.395589805555556,549.882,2026:03:01 16:06:57
109MEDIA,DJI_0803.JPG,D:\drone\DCIM\109MEDIA\DJI_0803.JPG,-49.346772055555554,-27.395590166666665,554.482,2026:03:01 16:06:59
109MEDIA,DJI_0804.JPG,D:\drone\DCIM\109MEDIA\DJI_0804.JPG,-49.34678347222223,-27.395593666666667,555.382,2026:03:01 16:07:01
109MEDIA,DJI_0805.JPG,D:\drone\DCIM\109MEDIA\DJI_0805.JPG,-49.34686336111111,-27.395641527777777,555.482,2026:03:01 16:07:02
109MEDIA,DJI_0806.JPG,D:\drone\DCIM\109MEDIA\DJI_0806.JPG,-49.34694697222223,-27.395706527777776,555.482,2026:03:01 16:07:04
109MEDIA,DJI_0807.JPG,D:\drone\DCIM\109MEDIA\DJI_0807.JPG,-49.34694672222223,-27.39570952777778,555.382,2026:03:01 16:07:06
109MEDIA,DJI_0808.JPG,D:\drone\DCIM\109MEDIA\DJI_0808.JPG,-49.346933416666666,-27.395756249999998,555.382,2026:03:01 16:07:09
109MEDIA,DJI_0809.JPG,D:\drone\DCIM\109MEDIA\DJI_0809.JPG,-49.346857444444446,-27.395836694444444,555.382,2026:03:01 16:07:11
109MEDIA,DJI_0810.JPG,D:\drone\DCIM\109MEDIA\DJI_0810.JPG,-49.346798694444445,-27.395874694444444,555.382,2026:03:01 16:07:12
109MEDIA,DJI_0811.JPG,D:\drone\DCIM\109MEDIA\DJI_0811.JPG,-49.34670933333334,-27.395920444444442,555.382,2026:03:01 16:07:15
109MEDIA,DJI_0812.JPG,D:\drone\DCIM\109MEDIA\DJI_0812.JPG,-49.346615972222224,-27.39597538888889,555.382,2026:03:01 16:07:17
109MEDIA,DJI_0813.JPG,D:\drone\DCIM\109MEDIA\DJI_0813.JPG,-49.346617583333334,-27.395975805555555,555.382,2026:03:01 16:07:19
109MEDIA,DJI_0814.JPG,D:\drone\DCIM\109MEDIA\DJI_0814.JPG,-49.34661888888889,-27.395977694444444,555.382,2026:03:01 16:07:21
109MEDIA,DJI_0815.JPG,D:\drone\DCIM\109MEDIA\DJI_0815.JPG,-49.34661947222222,-27.395978777777778,555.382,2026:03:01 16:07:23
109MEDIA,DJI_0816.JPG,D:\drone\DCIM\109MEDIA\DJI_0816.JPG,-49.34661836111111,-27.395979305555556,555.482,2026:03:01 16:07:25
109MEDIA,DJI_0817.JPG,D:\drone\DCIM\109MEDIA\DJI_0817.JPG,-49.34661941666667,-27.395979694444446,555.982,2026:03:01 16:07:26
109MEDIA,DJI_0818.JPG,D:\drone\DCIM\109MEDIA\DJI_0818.JPG,-49.346609972222225,-27.396052722222223,556.082,2026:03:01 16:07:28
109MEDIA,DJI_0819.JPG,D:\drone\DCIM\109MEDIA\DJI_0819.JPG,-49.34657941666667,-27.396191583333334,555.882,2026:03:01 16:07:30
109MEDIA,DJI_0820.JPG,D:\drone\DCIM\109MEDIA\DJI_0820.JPG,-49.34656261111111,-27.396262805555555,555.882,2026:03:01 16:07:32
109MEDIA,DJI_0821.JPG,D:\drone\DCIM\109MEDIA\DJI_0821.JPG,-49.34656461111111,-27.396265055555556,554.882,2026:03:01 16:07:34
109MEDIA,DJI_0822.JPG,D:\drone\DCIM\109MEDIA\DJI_0822.JPG,-49.34656938888889,-27.396264805555553,554.382,2026:03:01 16:07:36
109MEDIA,DJI_0823.JPG,D:\drone\DCIM\109MEDIA\DJI_0823.JPG,-49.346654083333334,-27.39622822222222,554.382,2026:03:01 16:07:38
109MEDIA,DJI_0824.JPG,D:\drone\DCIM\109MEDIA\DJI_0824.JPG,-49.3467435,-27.396195916666667,554.382,2026:03:01 16:07:40
109MEDIA,DJI_0825.JPG,D:\drone\DCIM\109MEDIA\DJI_0825.JPG,-49.346751805555556,-27.396196444444445,555.382,2026:03:01 16:07:42
109MEDIA,DJI_0826.JPG,D:\drone\DCIM\109MEDIA\DJI_0826.JPG,-49.346765527777784,-27.39618836111111,556.882,2026:03:01 16:07:44
109MEDIA,DJI_0827.JPG,D:\drone\DCIM\109MEDIA\DJI_0827.JPG,-49.34677058333334,-27.39618586111111,558.582,2026:03:01 16:07:46
109MEDIA,DJI_0828.JPG,D:\drone\DCIM\109MEDIA\DJI_0828.JPG,-49.346770222222226,-27.39618675,560.482,2026:03:01 16:07:49
109MEDIA,DJI_0829.JPG,D:\drone\DCIM\109MEDIA\DJI_0829.JPG,-49.34676927777778,-27.396184944444443,562.082,2026:03:01 16:07:51
109MEDIA,DJI_0830.JPG,D:\drone\DCIM\109MEDIA\DJI_0830.JPG,-49.346768555555556,-27.396185694444444,562.682,2026:03:01 16:07:53
109MEDIA,DJI_0831.JPG,D:\drone\DCIM\109MEDIA\DJI_0831.JPG,-49.346768805555556,-27.396185583333335,562.782,2026:03:01 16:07:55
109MEDIA,DJI_0832.JPG,D:\drone\DCIM\109MEDIA\DJI_0832.JPG,-49.346769083333335,-27.396185666666668,562.782,2026:03:01 16:07:57
109MEDIA,DJI_0833.JPG,D:\drone\DCIM\109MEDIA\DJI_0833.JPG,-49.34676894444445,-27.396185833333334,562.882,2026:03:01 16:07:58
109MEDIA,DJI_0834.JPG,D:\drone\DCIM\109MEDIA\DJI_0834.JPG,-49.34676888888889,-27.396186055555557,563.682,2026:03:01 16:08:00
109MEDIA,DJI_0835.JPG,D:\drone\DCIM\109MEDIA\DJI_0835.JPG,-49.34675627777778,-27.39620411111111,563.982,2026:03:01 16:08:02
109MEDIA,DJI_0836.JPG,D:\drone\DCIM\109MEDIA\DJI_0836.JPG,-49.346738,-27.39623163888889,564.982,2026:03:01 16:08:05
109MEDIA,DJI_0837.JPG,D:\drone\DCIM\109MEDIA\DJI_0837.JPG,-49.34672122222222,-27.396269166666666,566.082,2026:03:01 16:08:07
109MEDIA,DJI_0838.JPG,D:\drone\DCIM\109MEDIA\DJI_0838.JPG,-49.34669813888889,-27.396339416666667,566.882,2026:03:01 16:08:09
109MEDIA,DJI_0839.JPG,D:\drone\DCIM\109MEDIA\DJI_0839.JPG,-49.34666841666667,-27.396433583333334,566.982,2026:03:01 16:08:11
109MEDIA,DJI_0840.JPG,D:\drone\DCIM\109MEDIA\DJI_0840.JPG,-49.34664686111111,-27.396491972222222,566.982,2026:03:01 16:08:13
109MEDIA,DJI_0841.JPG,D:\drone\DCIM\109MEDIA\DJI_0841.JPG,-49.34665052777778,-27.39649313888889,566.882,2026:03:01 16:08:14
109MEDIA,DJI_0842.JPG,D:\drone\DCIM\109MEDIA\DJI_0842.JPG,-49.34662461111111,-27.39649988888889,566.982,2026:03:01 16:08:16
109MEDIA,DJI_0843.JPG,D:\drone\DCIM\109MEDIA\DJI_0843.JPG,-49.34660102777778,-27.39649375,566.882,2026:03:01 16:08:19
109MEDIA,DJI_0844.JPG,D:\drone\DCIM\109MEDIA\DJI_0844.JPG,-49.346550083333334,-27.396459805555555,566.882,2026:03:01 16:08:21
109MEDIA,DJI_0845.JPG,D:\drone\DCIM\109MEDIA\DJI_0845.JPG,-49.34650961111112,-27.396410222222222,566.882,2026:03:01 16:08:23
109MEDIA,DJI_0846.JPG,D:\drone\DCIM\109MEDIA\DJI_0846.JPG,-49.346453000000004,-27.396332305555553,566.982,2026:03:01 16:08:25
109MEDIA,DJI_0847.JPG,D:\drone\DCIM\109MEDIA\DJI_0847.JPG,-49.346387500000006,-27.396216055555556,566.882,2026:03:01 16:08:27
109MEDIA,DJI_0848.JPG,D:\drone\DCIM\109MEDIA\DJI_0848.JPG,-49.346362194444445,-27.39608847222222,566.882,2026:03:01 16:08:28
109MEDIA,DJI_0849.JPG,D:\drone\DCIM\109MEDIA\DJI_0849.JPG,-49.3463295,-27.39596033333333,566.582,2026:03:01 16:08:30
109MEDIA,DJI_0850.JPG,D:\drone\DCIM\109MEDIA\DJI_0850.JPG,-49.346265305555555,-27.39592511111111,566.382,2026:03:01 16:08:33
109MEDIA,DJI_0851.JPG,D:\drone\DCIM\109MEDIA\DJI_0851.JPG,-49.34626744444445,-27.39593011111111,565.782,2026:03:01 16:08:35
109MEDIA,DJI_0852.JPG,D:\drone\DCIM\109MEDIA\DJI_0852.JPG,-49.346272472222225,-27.395934694444446,565.382,2026:03:01 16:08:37
109MEDIA,DJI_0853.JPG,D:\drone\DCIM\109MEDIA\DJI_0853.JPG,-49.34628127777778,-27.39599061111111,565.382,2026:03:01 16:08:39
109MEDIA,DJI_0854.JPG,D:\drone\DCIM\109MEDIA\DJI_0854.JPG,-49.346290833333335,-27.396098166666665,565.482,2026:03:01 16:08:40
109MEDIA,DJI_0855.JPG,D:\drone\DCIM\109MEDIA\DJI_0855.JPG,-49.346293861111114,-27.396111666666666,567.082,2026:03:01 16:08:42
109MEDIA,DJI_0856.JPG,D:\drone\DCIM\109MEDIA\DJI_0856.JPG,-49.34630172222222,-27.396124222222223,568.482,2026:03:01 16:08:44
109MEDIA,DJI_0857.JPG,D:\drone\DCIM\109MEDIA\DJI_0857.JPG,-49.34633141666667,-27.39614713888889,568.482,2026:03:01 16:08:46
109MEDIA,DJI_0858.JPG,D:\drone\DCIM\109MEDIA\DJI_0858.JPG,-49.34637719444445,-27.396147944444444,568.582,2026:03:01 16:08:48
109MEDIA,DJI_0859.JPG,D:\drone\DCIM\109MEDIA\DJI_0859.JPG,-49.34644566666667,-27.396122694444443,568.582,2026:03:01 16:08:50
109MEDIA,DJI_0860.JPG,D:\drone\DCIM\109MEDIA\DJI_0860.JPG,-49.34655886111111,-27.396076444444443,568.482,2026:03:01 16:08:52
109MEDIA,DJI_0861.JPG,D:\drone\DCIM\109MEDIA\DJI_0861.JPG,-49.34668958333334,-27.396020805555555,568.582,2026:03:01 16:08:54
109MEDIA,DJI_0862.JPG,D:\drone\DCIM\109MEDIA\DJI_0862.JPG,-49.346818722222224,-27.39596538888889,568.482,2026:03:01 16:08:56
109MEDIA,DJI_0863.JPG,D:\drone\DCIM\109MEDIA\DJI_0863.JPG,-49.34684583333333,-27.395954638888888,568.282,2026:03:01 16:08:58
109MEDIA,DJI_0864.JPG,D:\drone\DCIM\109MEDIA\DJI_0864.JPG,-49.34685297222222,-27.39595275,566.182,2026:03:01 16:09:01
109MEDIA,DJI_0865.JPG,D:\drone\DCIM\109MEDIA\DJI_0865.JPG,-49.34685816666667,-27.39595038888889,565.482,2026:03:01 16:09:03
109MEDIA,DJI_0866.JPG,D:\drone\DCIM\109MEDIA\DJI_0866.JPG,-49.346859361111115,-27.395950638888888,565.482,2026:03:01 16:09:04
109MEDIA,DJI_0867.JPG,D:\drone\DCIM\109MEDIA\DJI_0867.JPG,-49.34685866666667,-27.39594986111111,565.482,2026:03:01 16:09:07
109MEDIA,DJI_0868.JPG,D:\drone\DCIM\109MEDIA\DJI_0868.JPG,-49.34685788888889,-27.39595038888889,565.482,2026:03:01 16:09:09
109MEDIA,DJI_0869.JPG,D:\drone\DCIM\109MEDIA\DJI_0869.JPG,-49.346857694444445,-27.395949944444443,565.482,2026:03:01 16:09:11
109MEDIA,DJI_0870.JPG,D:\drone\DCIM\109MEDIA\DJI_0870.JPG,-49.34684530555556,-27.395930916666668,565.682,2026:03:01 16:09:13
109MEDIA,DJI_0871.JPG,D:\drone\DCIM\109MEDIA\DJI_0871.JPG,-49.34680905555556,-27.39590486111111,565.682,2026:03:01 16:09:15
109MEDIA,DJI_0872.JPG,D:\drone\DCIM\109MEDIA\DJI_0872.JPG,-49.3467355,-27.39587552777778,565.682,2026:03:01 16:09:17
109MEDIA,DJI_0873.JPG,D:\drone\DCIM\109MEDIA\DJI_0873.JPG,-49.346618750000005,-27.395829,565.782,2026:03:01 16:09:19
109MEDIA,DJI_0874.JPG,D:\drone\DCIM\109MEDIA\DJI_0874.JPG,-49.34661666666667,-27.395827861111112,564.682,2026:03:01 16:09:20
109MEDIA,DJI_0875.JPG,D:\drone\DCIM\109MEDIA\DJI_0875.JPG,-49.34661627777778,-27.395826222222222,564.682,2026:03:01 16:09:22
109MEDIA,DJI_0876.JPG,D:\drone\DCIM\109MEDIA\DJI_0876.JPG,-49.34661122222222,-27.395796861111112,564.682,2026:03:01 16:09:25
109MEDIA,DJI_0877.JPG,D:\drone\DCIM\109MEDIA\DJI_0877.JPG,-49.34660866666667,-27.3957455,566.982,2026:03:01 16:09:27
109MEDIA,DJI_0878.JPG,D:\drone\DCIM\109MEDIA\DJI_0878.JPG,-49.34660852777778,-27.395736888888887,572.882,2026:03:01 16:09:28
109MEDIA,DJI_0879.JPG,D:\drone\DCIM\109MEDIA\DJI_0879.JPG,-49.346602611111116,-27.39563997222222,578.582,2026:03:01 16:09:30
109MEDIA,DJI_0880.JPG,D:\drone\DCIM\109MEDIA\DJI_0880.JPG,-49.346592361111114,-27.395517527777777,582.082,2026:03:01 16:09:33
109MEDIA,DJI_0881.JPG,D:\drone\DCIM\109MEDIA\DJI_0881.JPG,-49.346589944444446,-27.39551336111111,583.282,2026:03:01 16:09:35
109MEDIA,DJI_0882.JPG,D:\drone\DCIM\109MEDIA\DJI_0882.JPG,-49.34659066666667,-27.395513027777778,584.382,2026:03:01 16:09:37
109MEDIA,DJI_0883.JPG,D:\drone\DCIM\109MEDIA\DJI_0883.JPG,-49.34657833333333,-27.395515638888888,585.382,2026:03:01 16:09:38
109MEDIA,DJI_0884.JPG,D:\drone\DCIM\109MEDIA\DJI_0884.JPG,-49.34647366666667,-27.39550911111111,585.282,2026:03:01 16:09:40
109MEDIA,DJI_0885.JPG,D:\drone\DCIM\109MEDIA\DJI_0885.JPG,-49.34635077777778,-27.395483555555554,585.282,2026:03:01 16:09:42
109MEDIA,DJI_0886.JPG,D:\drone\DCIM\109MEDIA\DJI_0886.JPG,-49.34634877777778,-27.39548347222222,584.982,2026:03:01 16:09:44
109MEDIA,DJI_0887.JPG,D:\drone\DCIM\109MEDIA\DJI_0887.JPG,-49.34631377777778,-27.395516944444445,585.082,2026:03:01 16:09:46
109MEDIA,DJI_0888.JPG,D:\drone\DCIM\109MEDIA\DJI_0888.JPG,-49.34623475,-27.39558611111111,585.082,2026:03:01 16:09:48
109MEDIA,DJI_0889.JPG,D:\drone\DCIM\109MEDIA\DJI_0889.JPG,-49.346121833333335,-27.395619444444446,584.782,2026:03:01 16:09:51
109MEDIA,DJI_0890.JPG,D:\drone\DCIM\109MEDIA\DJI_0890.JPG,-49.34601130555556,-27.395596694444443,584.882,2026:03:01 16:09:53
109MEDIA,DJI_0891.JPG,D:\drone\DCIM\109MEDIA\DJI_0891.JPG,-49.34596891666667,-27.39557686111111,584.782,2026:03:01 16:09:55
109MEDIA,DJI_0892.JPG,D:\drone\DCIM\109MEDIA\DJI_0892.JPG,-49.345949000000005,-27.39551597222222,584.882,2026:03:01 16:09:57
109MEDIA,DJI_0893.JPG,D:\drone\DCIM\109MEDIA\DJI_0893.JPG,-49.34594744444445,-27.395485805555555,585.982,2026:03:01 16:09:59
109MEDIA,DJI_0894.JPG,D:\drone\DCIM\109MEDIA\DJI_0894.JPG,-49.34594880555556,-27.39548072222222,590.182,2026:03:01 16:10:01
109MEDIA,DJI_0895.JPG,D:\drone\DCIM\109MEDIA\DJI_0895.JPG,-49.34595202777778,-27.395428833333334,593.182,2026:03:01 16:10:03
109MEDIA,DJI_0896.JPG,D:\drone\DCIM\109MEDIA\DJI_0896.JPG,-49.34597913888889,-27.395373416666665,595.182,2026:03:01 16:10:05
109MEDIA,DJI_0897.JPG,D:\drone\DCIM\109MEDIA\DJI_0897.JPG,-49.34598005555556,-27.395371833333332,596.982,2026:03:01 16:10:07
109MEDIA,DJI_0898.JPG,D:\drone\DCIM\109MEDIA\DJI_0898.JPG,-49.34599980555556,-27.395365527777777,598.482,2026:03:01 16:10:08
109MEDIA,DJI_0899.JPG,D:\drone\DCIM\109MEDIA\DJI_0899.JPG,-49.34604208333334,-27.395371472222223,600.182,2026:03:01 16:10:10
109MEDIA,DJI_0900.JPG,D:\drone\DCIM\109MEDIA\DJI_0900.JPG,-49.34607919444445,-27.395396444444444,601.582,2026:03:01 16:10:13
109MEDIA,DJI_0901.JPG,D:\drone\DCIM\109MEDIA\DJI_0901.JPG,-49.346111083333334,-27.3954265,604.682,2026:03:01 16:10:14
109MEDIA,DJI_0902.JPG,D:\drone\DCIM\109MEDIA\DJI_0902.JPG,-49.34611975,-27.395464722222222,607.582,2026:03:01 16:10:16
109MEDIA,DJI_0903.JPG,D:\drone\DCIM\109MEDIA\DJI_0903.JPG,-49.34608963888889,-27.395487888888887,610.382,2026:03:01 16:10:19
109MEDIA,DJI_0904.JPG,D:\drone\DCIM\109MEDIA\DJI_0904.JPG,-49.34605175,-27.395482972222222,613.182,2026:03:01 16:10:21
109MEDIA,DJI_0905.JPG,D:\drone\DCIM\109MEDIA\DJI_0905.JPG,-49.3460435,-27.395479583333334,618.282,2026:03:01 16:10:23
109MEDIA,DJI_0906.JPG,D:\drone\DCIM\109MEDIA\DJI_0906.JPG,-49.346042611111116,-27.395480111111112,618.882,2026:03:01 16:10:25
109MEDIA,DJI_0907.JPG,D:\drone\DCIM\109MEDIA\DJI_0907.JPG,-49.346042611111116,-27.395480083333332,618.982,2026:03:01 16:10:27
109MEDIA,DJI_0908.JPG,D:\drone\DCIM\109MEDIA\DJI_0908.JPG,-49.34604316666667,-27.39548113888889,618.982,2026:03:01 16:10:28
109MEDIA,DJI_0909.JPG,D:\drone\DCIM\109MEDIA\DJI_0909.JPG,-49.34604288888889,-27.395480805555554,618.982,2026:03:01 16:10:31
109MEDIA,DJI_0910.JPG,D:\drone\DCIM\109MEDIA\DJI_0910.JPG,-49.34604275,-27.395481222222223,618.982,2026:03:01 16:10:32
109MEDIA,DJI_0911.JPG,D:\drone\DCIM\109MEDIA\DJI_0911.JPG,-49.346042833333335,-27.395480666666668,619.082,2026:03:01 16:10:35
109MEDIA,DJI_0912.JPG,D:\drone\DCIM\109MEDIA\DJI_0912.JPG,-49.34604302777778,-27.395480444444445,618.982,2026:03:01 16:10:37
109MEDIA,DJI_0913.JPG,D:\drone\DCIM\109MEDIA\DJI_0913.JPG,-49.34604375,-27.39548061111111,618.882,2026:03:01 16:10:39
109MEDIA,DJI_0914.JPG,D:\drone\DCIM\109MEDIA\DJI_0914.JPG,-49.346043333333334,-27.395481083333333,619.882,2026:03:01 16:10:41
109MEDIA,DJI_0915.JPG,D:\drone\DCIM\109MEDIA\DJI_0915.JPG,-49.34605952777778,-27.395486972222223,623.282,2026:03:01 16:10:43
109MEDIA,DJI_0916.JPG,D:\drone\DCIM\109MEDIA\DJI_0916.JPG,-49.34615411111111,-27.395520666666666,623.382,2026:03:01 16:10:45
109MEDIA,DJI_0917.JPG,D:\drone\DCIM\109MEDIA\DJI_0917.JPG,-49.34630422222222,-27.395573944444443,623.382,2026:03:01 16:10:47
109MEDIA,DJI_0918.JPG,D:\drone\DCIM\109MEDIA\DJI_0918.JPG,-49.34649544444445,-27.395641694444443,623.382,2026:03:01 16:10:49
109MEDIA,DJI_0919.JPG,D:\drone\DCIM\109MEDIA\DJI_0919.JPG,-49.346674694444445,-27.39570561111111,623.382,2026:03:01 16:10:50
109MEDIA,DJI_0920.JPG,D:\drone\DCIM\109MEDIA\DJI_0920.JPG,-49.34687630555556,-27.395777,623.382,2026:03:01 16:10:53
109MEDIA,DJI_0921.JPG,D:\drone\DCIM\109MEDIA\DJI_0921.JPG,-49.34705852777778,-27.395841194444444,623.382,2026:03:01 16:10:55
109MEDIA,DJI_0922.JPG,D:\drone\DCIM\109MEDIA\DJI_0922.JPG,-49.34725113888889,-27.395909361111112,623.382,2026:03:01 16:10:57
109MEDIA,DJI_0923.JPG,D:\drone\DCIM\109MEDIA\DJI_0923.JPG,-49.34745352777778,-27.39597961111111,623.382,2026:03:01 16:10:59
109MEDIA,DJI_0924.JPG,D:\drone\DCIM\109MEDIA\DJI_0924.JPG,-49.347645944444444,-27.396045916666665,623.382,2026:03:01 16:11:01
109MEDIA,DJI_0925.JPG,D:\drone\DCIM\109MEDIA\DJI_0925.JPG,-49.34783713888889,-27.396112,623.482,2026:03:01 16:11:03
109MEDIA,DJI_0926.JPG,D:\drone\DCIM\109MEDIA\DJI_0926.JPG,-49.348027111111115,-27.396177277777777,623.482,2026:03:01 16:11:05
109MEDIA,DJI_0927.JPG,D:\drone\DCIM\109MEDIA\DJI_0927.JPG,-49.34821683333334,-27.39624275,623.482,2026:03:01 16:11:07
109MEDIA,DJI_0928.JPG,D:\drone\DCIM\109MEDIA\DJI_0928.JPG,-49.34839597222223,-27.39630561111111,623.482,2026:03:01 16:11:08
109MEDIA,DJI_0929.JPG,D:\drone\DCIM\109MEDIA\DJI_0929.JPG,-49.34858375,-27.39637261111111,623.482,2026:03:01 16:11:10
109MEDIA,DJI_0930.JPG,D:\drone\DCIM\109MEDIA\DJI_0930.JPG,-49.348770972222226,-27.396456861111112,623.482,2026:03:01 16:11:13
109MEDIA,DJI_0931.JPG,D:\drone\DCIM\109MEDIA\DJI_0931.JPG,-49.34893783333334,-27.396555694444444,623.382,2026:03:01 16:11:15
109MEDIA,DJI_0932.JPG,D:\drone\DCIM\109MEDIA\DJI_0932.JPG,-49.34909736111111,-27.396650055555554,623.382,2026:03:01 16:11:16
109MEDIA,DJI_0933.JPG,D:\drone\DCIM\109MEDIA\DJI_0933.JPG,-49.34924155555556,-27.396771666666666,623.382,2026:03:01 16:11:18
109MEDIA,DJI_0943.JPG,D:\drone\DCIM\109MEDIA\DJI_0943.JPG,-49.349113888888894,-27.396812277777777,623.282,2026:03:01 16:11:38
109MEDIA,DJI_0944.JPG,D:\drone\DCIM\109MEDIA\DJI_0944.JPG,-49.34901886111111,-27.396799027777778,623.282,2026:03:01 16:11:40
109MEDIA,DJI_0945.JPG,D:\drone\DCIM\109MEDIA\DJI_0945.JPG,-49.34892416666667,-27.396831694444444,622.982,2026:03:01 16:11:43
109MEDIA,DJI_0946.JPG,D:\drone\DCIM\109MEDIA\DJI_0946.JPG,-49.34883061111111,-27.396840277777777,623.182,2026:03:01 16:11:45
109MEDIA,DJI_0947.JPG,D:\drone\DCIM\109MEDIA\DJI_0947.JPG,-49.34875433333334,-27.39682197222222,623.182,2026:03:01 16:11:47
109MEDIA,DJI_0948.JPG,D:\drone\DCIM\109MEDIA\DJI_0948.JPG,-49.34867011111111,-27.39676975,623.082,2026:03:01 16:11:49
109MEDIA,DJI_0949.JPG,D:\drone\DCIM\109MEDIA\DJI_0949.JPG,-49.34859686111111,-27.396684138888887,623.182,2026:03:01 16:11:51
109MEDIA,DJI_0950.JPG,D:\drone\DCIM\109MEDIA\DJI_0950.JPG,-49.34851788888889,-27.396597305555556,623.282,2026:03:01 16:11:53
109MEDIA,DJI_0951.JPG,D:\drone\DCIM\109MEDIA\DJI_0951.JPG,-49.34843452777778,-27.396508527777776,623.282,2026:03:01 16:11:55
109MEDIA,DJI_0952.JPG,D:\drone\DCIM\109MEDIA\DJI_0952.JPG,-49.34832886111111,-27.396396527777778,623.282,2026:03:01 16:11:57
109MEDIA,DJI_0953.JPG,D:\drone\DCIM\109MEDIA\DJI_0953.JPG,-49.34822038888889,-27.396282555555555,623.382,2026:03:01 16:11:59
109MEDIA,DJI_0954.JPG,D:\drone\DCIM\109MEDIA\DJI_0954.JPG,-49.348103916666666,-27.39616311111111,623.282,2026:03:01 16:12:01
109MEDIA,DJI_0955.JPG,D:\drone\DCIM\109MEDIA\DJI_0955.JPG,-49.34800394444445,-27.396040305555555,623.282,2026:03:01 16:12:03
109MEDIA,DJI_0956.JPG,D:\drone\DCIM\109MEDIA\DJI_0956.JPG,-49.347935444444445,-27.39591111111111,623.282,2026:03:01 16:12:05
109MEDIA,DJI_0957.JPG,D:\drone\DCIM\109MEDIA\DJI_0957.JPG,-49.34789252777778,-27.395789194444443,623.282,2026:03:01 16:12:07
109MEDIA,DJI_0958.JPG,D:\drone\DCIM\109MEDIA\DJI_0958.JPG,-49.34788144444445,-27.395648805555556,623.382,2026:03:01 16:12:09
109MEDIA,DJI_0959.JPG,D:\drone\DCIM\109MEDIA\DJI_0959.JPG,-49.34789852777778,-27.395502277777776,623.282,2026:03:01 16:12:11
109MEDIA,DJI_0960.JPG,D:\drone\DCIM\109MEDIA\DJI_0960.JPG,-49.347961805555556,-27.3953565,623.482,2026:03:01 16:12:13
109MEDIA,DJI_0961.JPG,D:\drone\DCIM\109MEDIA\DJI_0961.JPG,-49.34809561111111,-27.395299027777778,623.482,2026:03:01 16:12:15
109MEDIA,DJI_0962.JPG,D:\drone\DCIM\109MEDIA\DJI_0962.JPG,-49.34823886111111,-27.395320138888888,623.382,2026:03:01 16:12:17
109MEDIA,DJI_0963.JPG,D:\drone\DCIM\109MEDIA\DJI_0963.JPG,-49.34839277777778,-27.395398666666665,623.582,2026:03:01 16:12:19
109MEDIA,DJI_0964.JPG,D:\drone\DCIM\109MEDIA\DJI_0964.JPG,-49.34857227777778,-27.395473222222222,623.482,2026:03:01 16:12:21
109MEDIA,DJI_0965.JPG,D:\drone\DCIM\109MEDIA\DJI_0965.JPG,-49.34878316666667,-27.395508222222222,623.582,2026:03:01 16:12:23
109MEDIA,DJI_0966.JPG,D:\drone\DCIM\109MEDIA\DJI_0966.JPG,-49.3489895,-27.395516305555557,623.582,2026:03:01 16:12:25
109MEDIA,DJI_0967.JPG,D:\drone\DCIM\109MEDIA\DJI_0967.JPG,-49.34918516666667,-27.3955235,623.482,2026:03:01 16:12:26
109MEDIA,DJI_0968.JPG,D:\drone\DCIM\109MEDIA\DJI_0968.JPG,-49.34939030555556,-27.395530666666666,623.482,2026:03:01 16:12:28
109MEDIA,DJI_0969.JPG,D:\drone\DCIM\109MEDIA\DJI_0969.JPG,-49.34960511111111,-27.395537861111112,623.482,2026:03:01 16:12:31
109MEDIA,DJI_0970.JPG,D:\drone\DCIM\109MEDIA\DJI_0970.JPG,-49.34980872222223,-27.395544194444444,623.482,2026:03:01 16:12:33
109MEDIA,DJI_0971.JPG,D:\drone\DCIM\109MEDIA\DJI_0971.JPG,-49.350000055555554,-27.395533944444445,623.082,2026:03:01 16:12:35
109MEDIA,DJI_0972.JPG,D:\drone\DCIM\109MEDIA\DJI_0972.JPG,-49.35012552777778,-27.395469944444443,622.882,2026:03:01 16:12:36
109MEDIA,DJI_0973.JPG,D:\drone\DCIM\109MEDIA\DJI_0973.JPG,-49.35018130555556,-27.395341833333333,622.882,2026:03:01 16:12:38
109MEDIA,DJI_0974.JPG,D:\drone\DCIM\109MEDIA\DJI_0974.JPG,-49.35019072222222,-27.395179805555554,622.782,2026:03:01 16:12:41
109MEDIA,DJI_0975.JPG,D:\drone\DCIM\109MEDIA\DJI_0975.JPG,-49.35013652777778,-27.39507083333333,622.682,2026:03:01 16:12:43
109MEDIA,DJI_0976.JPG,D:\drone\DCIM\109MEDIA\DJI_0976.JPG,-49.350022805555554,-27.395025083333334,621.982,2026:03:01 16:12:44
109MEDIA,DJI_0977.JPG,D:\drone\DCIM\109MEDIA\DJI_0977.JPG,-49.34992894444445,-27.394999249999998,622.282,2026:03:01 16:12:47
109MEDIA,DJI_0978.JPG,D:\drone\DCIM\109MEDIA\DJI_0978.JPG,-49.34986438888889,-27.394984194444444,622.382,2026:03:01 16:12:48
109MEDIA,DJI_0979.JPG,D:\drone\DCIM\109MEDIA\DJI_0979.JPG,-49.34978533333334,-27.394970583333333,622.382,2026:03:01 16:12:51
109MEDIA,DJI_0980.JPG,D:\drone\DCIM\109MEDIA\DJI_0980.JPG,-49.349683500000005,-27.394955555555555,622.482,2026:03:01 16:12:53
109MEDIA,DJI_0981.JPG,D:\drone\DCIM\109MEDIA\DJI_0981.JPG,-49.34956502777778,-27.394943027777778,622.482,2026:03:01 16:12:55
109MEDIA,DJI_0982.JPG,D:\drone\DCIM\109MEDIA\DJI_0982.JPG,-49.349466750000005,-27.394939555555556,622.682,2026:03:01 16:12:57
109MEDIA,DJI_0983.JPG,D:\drone\DCIM\109MEDIA\DJI_0983.JPG,-49.34937708333334,-27.394939666666666,622.682,2026:03:01 16:12:59
109MEDIA,DJI_0984.JPG,D:\drone\DCIM\109MEDIA\DJI_0984.JPG,-49.349282888888894,-27.394940444444444,622.782,2026:03:01 16:13:01
109MEDIA,DJI_0985.JPG,D:\drone\DCIM\109MEDIA\DJI_0985.JPG,-49.34917955555556,-27.394941,622.782,2026:03:01 16:13:02
109MEDIA,DJI_0986.JPG,D:\drone\DCIM\109MEDIA\DJI_0986.JPG,-49.34905786111111,-27.394941694444444,622.782,2026:03:01 16:13:05
109MEDIA,DJI_0987.JPG,D:\drone\DCIM\109MEDIA\DJI_0987.JPG,-49.34894033333334,-27.394940305555554,622.782,2026:03:01 16:13:07
109MEDIA,DJI_0988.JPG,D:\drone\DCIM\109MEDIA\DJI_0988.JPG,-49.34881711111111,-27.39493936111111,622.782,2026:03:01 16:13:09
109MEDIA,DJI_0989.JPG,D:\drone\DCIM\109MEDIA\DJI_0989.JPG,-49.34869447222223,-27.394937944444443,622.782,2026:03:01 16:13:11
109MEDIA,DJI_0990.JPG,D:\drone\DCIM\109MEDIA\DJI_0990.JPG,-49.34856058333334,-27.394937055555555,622.782,2026:03:01 16:13:13
109MEDIA,DJI_0991.JPG,D:\drone\DCIM\109MEDIA\DJI_0991.JPG,-49.34841347222223,-27.394935722222222,622.882,2026:03:01 16:13:14
109MEDIA,DJI_0992.JPG,D:\drone\DCIM\109MEDIA\DJI_0992.JPG,-49.348230972222225,-27.39492461111111,622.682,2026:03:01 16:13:17
109MEDIA,DJI_0993.JPG,D:\drone\DCIM\109MEDIA\DJI_0993.JPG,-49.34806338888889,-27.394898583333333,622.782,2026:03:01 16:13:19
109MEDIA,DJI_0994.JPG,D:\drone\DCIM\109MEDIA\DJI_0994.JPG,-49.34790902777778,-27.39487075,622.982,2026:03:01 16:13:21
109MEDIA,DJI_0995.JPG,D:\drone\DCIM\109MEDIA\DJI_0995.JPG,-49.347773611111116,-27.39484858333333,622.882,2026:03:01 16:13:23
109MEDIA,DJI_0996.JPG,D:\drone\DCIM\109MEDIA\DJI_0996.JPG,-49.34762497222223,-27.394824416666665,622.682,2026:03:01 16:13:25
109MEDIA,DJI_0997.JPG,D:\drone\DCIM\109MEDIA\DJI_0997.JPG,-49.34746913888889,-27.39479947222222,622.982,2026:03:01 16:13:27
109MEDIA,DJI_0998.JPG,D:\drone\DCIM\109MEDIA\DJI_0998.JPG,-49.347309083333336,-27.394771,622.682,2026:03:01 16:13:29
109MEDIA,DJI_0999.JPG,D:\drone\DCIM\109MEDIA\DJI_0999.JPG,-49.34715969444445,-27.394771194444445,622.782,2026:03:01 16:13:31
110MEDIA,DJI_0001.JPG,D:\drone\DCIM\110MEDIA\DJI_0001.JPG,-49.346715055555556,-27.395752333333334,537.619,2026:03:01 16:50:44
110MEDIA,DJI_0002.JPG,D:\drone\DCIM\110MEDIA\DJI_0002.JPG,-49.34671488888889,-27.395752305555554,537.619,2026:03:01 16:50:46
110MEDIA,DJI_0003.JPG,D:\drone\DCIM\110MEDIA\DJI_0003.JPG,-49.34671544444445,-27.39575263888889,537.619,2026:03:01 16:50:48
110MEDIA,DJI_0004.JPG,D:\drone\DCIM\110MEDIA\DJI_0004.JPG,-49.34671552777778,-27.39575327777778,537.619,2026:03:01 16:50:50
110MEDIA,DJI_0005.JPG,D:\drone\DCIM\110MEDIA\DJI_0005.JPG,-49.34671594444445,-27.395753305555555,537.719,2026:03:01 16:50:52
110MEDIA,DJI_0006.JPG,D:\drone\DCIM\110MEDIA\DJI_0006.JPG,-49.34671605555556,-27.39575327777778,537.719,2026:03:01 16:50:54
110MEDIA,DJI_0007.JPG,D:\drone\DCIM\110MEDIA\DJI_0007.JPG,-49.346715611111115,-27.395753666666668,537.619,2026:03:01 16:50:56
110MEDIA,DJI_0008.JPG,D:\drone\DCIM\110MEDIA\DJI_0008.JPG,-49.346698361111116,-27.395758583333333,537.919,2026:03:01 16:50:58
110MEDIA,DJI_0009.JPG,D:\drone\DCIM\110MEDIA\DJI_0009.JPG,-49.346690611111114,-27.395757805555554,539.019,2026:03:01 16:51:00
110MEDIA,DJI_0010.JPG,D:\drone\DCIM\110MEDIA\DJI_0010.JPG,-49.346623,-27.39577411111111,539.419,2026:03:01 16:51:02
110MEDIA,DJI_0011.JPG,D:\drone\DCIM\110MEDIA\DJI_0011.JPG,-49.34661755555556,-27.395764888888888,539.419,2026:03:01 16:51:04
110MEDIA,DJI_0012.JPG,D:\drone\DCIM\110MEDIA\DJI_0012.JPG,-49.346618444444445,-27.395767666666668,539.819,2026:03:01 16:51:06
110MEDIA,DJI_0013.JPG,D:\drone\DCIM\110MEDIA\DJI_0013.JPG,-49.34661933333334,-27.395769277777777,540.419,2026:03:01 16:51:08
110MEDIA,DJI_0014.JPG,D:\drone\DCIM\110MEDIA\DJI_0014.JPG,-49.34661888888889,-27.395769055555554,540.719,2026:03:01 16:51:10
110MEDIA,DJI_0015.JPG,D:\drone\DCIM\110MEDIA\DJI_0015.JPG,-49.34661811111111,-27.39576838888889,540.719,2026:03:01 16:51:12
110MEDIA,DJI_0016.JPG,D:\drone\DCIM\110MEDIA\DJI_0016.JPG,-49.346618,-27.395768805555555,541.219,2026:03:01 16:51:14
110MEDIA,DJI_0017.JPG,D:\drone\DCIM\110MEDIA\DJI_0017.JPG,-49.34659527777778,-27.39578786111111,542.319,2026:03:01 16:51:16
110MEDIA,DJI_0018.JPG,D:\drone\DCIM\110MEDIA\DJI_0018.JPG,-49.34658872222222,-27.3957855,547.519,2026:03:01 16:51:18
110MEDIA,DJI_0019.JPG,D:\drone\DCIM\110MEDIA\DJI_0019.JPG,-49.34658922222223,-27.39578736111111,552.919,2026:03:01 16:51:20
110MEDIA,DJI_0020.JPG,D:\drone\DCIM\110MEDIA\DJI_0020.JPG,-49.346590194444445,-27.3957885,556.619,2026:03:01 16:51:22
110MEDIA,DJI_0021.JPG,D:\drone\DCIM\110MEDIA\DJI_0021.JPG,-49.34658808333334,-27.395789694444446,558.619,2026:03:01 16:51:24
110MEDIA,DJI_0022.JPG,D:\drone\DCIM\110MEDIA\DJI_0022.JPG,-49.34658766666667,-27.395789999999998,560.619,2026:03:01 16:51:26
110MEDIA,DJI_0023.JPG,D:\drone\DCIM\110MEDIA\DJI_0023.JPG,-49.34658852777778,-27.395789583333332,561.719,2026:03:01 16:51:28
110MEDIA,DJI_0024.JPG,D:\drone\DCIM\110MEDIA\DJI_0024.JPG,-49.34658708333333,-27.395790166666668,561.719,2026:03:01 16:51:30
110MEDIA,DJI_0025.JPG,D:\drone\DCIM\110MEDIA\DJI_0025.JPG,-49.34658655555556,-27.395789444444443,560.619,2026:03:01 16:51:32
110MEDIA,DJI_0026.JPG,D:\drone\DCIM\110MEDIA\DJI_0026.JPG,-49.346586583333334,-27.395789083333334,558.419,2026:03:01 16:51:34
110MEDIA,DJI_0027.JPG,D:\drone\DCIM\110MEDIA\DJI_0027.JPG,-49.34658677777778,-27.39578886111111,555.819,2026:03:01 16:51:36
110MEDIA,DJI_0028.JPG,D:\drone\DCIM\110MEDIA\DJI_0028.JPG,-49.346586916666666,-27.395788555555555,552.619,2026:03:01 16:51:38
110MEDIA,DJI_0029.JPG,D:\drone\DCIM\110MEDIA\DJI_0029.JPG,-49.34658713888889,-27.395789666666666,549.319,2026:03:01 16:51:40
110MEDIA,DJI_0030.JPG,D:\drone\DCIM\110MEDIA\DJI_0030.JPG,-49.34658816666667,-27.395790583333334,546.719,2026:03:01 16:51:42
110MEDIA,DJI_0031.JPG,D:\drone\DCIM\110MEDIA\DJI_0031.JPG,-49.34658791666667,-27.39579086111111,545.819,2026:03:01 16:51:44
110MEDIA,DJI_0032.JPG,D:\drone\DCIM\110MEDIA\DJI_0032.JPG,-49.34658736111111,-27.395791638888888,544.919,2026:03:01 16:51:46
110MEDIA,DJI_0033.JPG,D:\drone\DCIM\110MEDIA\DJI_0033.JPG,-49.34658730555556,-27.39579133333333,544.219,2026:03:01 16:51:48
110MEDIA,DJI_0034.JPG,D:\drone\DCIM\110MEDIA\DJI_0034.JPG,-49.346587750000005,-27.395791916666667,544.119,2026:03:01 16:51:50
110MEDIA,DJI_0035.JPG,D:\drone\DCIM\110MEDIA\DJI_0035.JPG,-49.34658683333333,-27.395791916666667,544.219,2026:03:01 16:51:52
110MEDIA,DJI_0036.JPG,D:\drone\DCIM\110MEDIA\DJI_0036.JPG,-49.34658708333333,-27.39579211111111,544.119,2026:03:01 16:51:54
110MEDIA,DJI_0037.JPG,D:\drone\DCIM\110MEDIA\DJI_0037.JPG,-49.346587166666666,-27.395792472222222,544.119,2026:03:01 16:51:56
110MEDIA,DJI_0038.JPG,D:\drone\DCIM\110MEDIA\DJI_0038.JPG,-49.34659263888889,-27.395793166666667,544.119,2026:03:01 16:51:58
110MEDIA,DJI_0039.JPG,D:\drone\DCIM\110MEDIA\DJI_0039.JPG,-49.34664552777778,-27.395813555555556,544.119,2026:03:01 16:52:00
110MEDIA,DJI_0040.JPG,D:\drone\DCIM\110MEDIA\DJI_0040.JPG,-49.34664658333334,-27.395820416666666,544.119,2026:03:01 16:52:02
110MEDIA,DJI_0041.JPG,D:\drone\DCIM\110MEDIA\DJI_0041.JPG,-49.34664791666667,-27.395818277777778,544.119,2026:03:01 16:52:04
110MEDIA,DJI_0042.JPG,D:\drone\DCIM\110MEDIA\DJI_0042.JPG,-49.34664941666667,-27.3958215,544.119,2026:03:01 16:52:06
110MEDIA,DJI_0043.JPG,D:\drone\DCIM\110MEDIA\DJI_0043.JPG,-49.34664352777778,-27.3958555,544.119,2026:03:01 16:52:08
110MEDIA,DJI_0044.JPG,D:\drone\DCIM\110MEDIA\DJI_0044.JPG,-49.34664102777778,-27.395855027777777,543.919,2026:03:01 16:52:10
110MEDIA,DJI_0045.JPG,D:\drone\DCIM\110MEDIA\DJI_0045.JPG,-49.346642638888895,-27.395854916666668,543.719,2026:03:01 16:52:12
110MEDIA,DJI_0046.JPG,D:\drone\DCIM\110MEDIA\DJI_0046.JPG,-49.34664305555556,-27.395854777777778,543.619,2026:03:01 16:52:14
110MEDIA,DJI_0047.JPG,D:\drone\DCIM\110MEDIA\DJI_0047.JPG,-49.34664430555556,-27.395854666666665,543.419,2026:03:01 16:52:16
110MEDIA,DJI_0048.JPG,D:\drone\DCIM\110MEDIA\DJI_0048.JPG,-49.34667741666667,-27.395834861111112,543.419,2026:03:01 16:52:18
110MEDIA,DJI_0049.JPG,D:\drone\DCIM\110MEDIA\DJI_0049.JPG,-49.346682111111114,-27.3958375,543.419,2026:03:01 16:52:20
110MEDIA,DJI_0050.JPG,D:\drone\DCIM\110MEDIA\DJI_0050.JPG,-49.346691722222225,-27.39582975,543.419,2026:03:01 16:52:22
110MEDIA,DJI_0051.JPG,D:\drone\DCIM\110MEDIA\DJI_0051.JPG,-49.346714500000004,-27.395824972222222,543.519,2026:03:01 16:52:24
110MEDIA,DJI_0052.JPG,D:\drone\DCIM\110MEDIA\DJI_0052.JPG,-49.34671480555556,-27.39582513888889,543.419,2026:03:01 16:52:26
110MEDIA,DJI_0053.JPG,D:\drone\DCIM\110MEDIA\DJI_0053.JPG,-49.34671772222222,-27.395823277777776,541.619,2026:03:01 16:52:28
110MEDIA,DJI_0054.JPG,D:\drone\DCIM\110MEDIA\DJI_0054.JPG,-49.34677802777778,-27.395808,541.619,2026:03:01 16:52:30
110MEDIA,DJI_0055.JPG,D:\drone\DCIM\110MEDIA\DJI_0055.JPG,-49.34685338888889,-27.395796833333332,538.219,2026:03:01 16:52:32
110MEDIA,DJI_0056.JPG,D:\drone\DCIM\110MEDIA\DJI_0056.JPG,-49.34686122222222,-27.395800083333334,537.319,2026:03:01 16:52:34
110MEDIA,DJI_0057.JPG,D:\drone\DCIM\110MEDIA\DJI_0057.JPG,-49.346862,-27.39579638888889,537.619,2026:03:01 16:52:36
110MEDIA,DJI_0058.JPG,D:\drone\DCIM\110MEDIA\DJI_0058.JPG,-49.346861861111115,-27.395795833333334,537.219,2026:03:01 16:52:38
110MEDIA,DJI_0059.JPG,D:\drone\DCIM\110MEDIA\DJI_0059.JPG,-49.34686472222222,-27.395789277777777,536.919,2026:03:01 16:52:40
110MEDIA,DJI_0060.JPG,D:\drone\DCIM\110MEDIA\DJI_0060.JPG,-49.346878805555555,-27.39577275,536.919,2026:03:01 16:52:42
110MEDIA,DJI_0061.JPG,D:\drone\DCIM\110MEDIA\DJI_0061.JPG,-49.34688063888889,-27.395773444444444,536.919,2026:03:01 16:52:44
110MEDIA,DJI_0062.JPG,D:\drone\DCIM\110MEDIA\DJI_0062.JPG,-49.34688005555556,-27.395773305555554,537.219,2026:03:01 16:52:46
110MEDIA,DJI_0063.JPG,D:\drone\DCIM\110MEDIA\DJI_0063.JPG,-49.34687947222223,-27.39577263888889,536.719,2026:03:01 16:52:48
110MEDIA,DJI_0064.JPG,D:\drone\DCIM\110MEDIA\DJI_0064.JPG,-49.34687891666667,-27.39577152777778,536.722,2026:03:01 16:52:51
110MEDIA,DJI_0065.JPG,D:\drone\DCIM\110MEDIA\DJI_0065.JPG,-49.346880500000005,-27.395767222222222,536.714,2026:03:01 16:52:52
110MEDIA,DJI_0066.JPG,D:\drone\DCIM\110MEDIA\DJI_0066.JPG,-49.34689069444445,-27.395768527777776,536.388,2026:03:01 16:52:54
110MEDIA,DJI_0067.JPG,D:\drone\DCIM\110MEDIA\DJI_0067.JPG,-49.346890611111114,-27.395770972222223,536.217,2026:03:01 16:52:56
110MEDIA,DJI_0068.JPG,D:\drone\DCIM\110MEDIA\DJI_0068.JPG,-49.34689130555556,-27.39577411111111,536.159,2026:03:01 16:52:58
110MEDIA,DJI_0069.JPG,D:\drone\DCIM\110MEDIA\DJI_0069.JPG,-49.34689375,-27.395779694444442,536.068,2026:03:01 16:53:00
110MEDIA,DJI_0070.JPG,D:\drone\DCIM\110MEDIA\DJI_0070.JPG,-49.34689802777778,-27.395786166666667,535.878,2026:03:01 16:53:02
110MEDIA,DJI_0071.JPG,D:\drone\DCIM\110MEDIA\DJI_0071.JPG,-49.34690697222222,-27.395789944444445,535.395,2026:03:01 16:53:04
110MEDIA,DJI_0072.JPG,D:\drone\DCIM\110MEDIA\DJI_0072.JPG,-49.34691891666667,-27.39579213888889,534.963,2026:03:01 16:53:06
110MEDIA,DJI_0073.JPG,D:\drone\DCIM\110MEDIA\DJI_0073.JPG,-49.346932,-27.395799,534.689,2026:03:01 16:53:08
110MEDIA,DJI_0074.JPG,D:\drone\DCIM\110MEDIA\DJI_0074.JPG,-49.34694755555556,-27.395803083333334,534.425,2026:03:01 16:53:10
110MEDIA,DJI_0075.JPG,D:\drone\DCIM\110MEDIA\DJI_0075.JPG,-49.34696180555556,-27.39580697222222,534.115,2026:03:01 16:53:12
110MEDIA,DJI_0076.JPG,D:\drone\DCIM\110MEDIA\DJI_0076.JPG,-49.346979555555556,-27.395810861111112,534.028,2026:03:01 16:53:14
110MEDIA,DJI_0077.JPG,D:\drone\DCIM\110MEDIA\DJI_0077.JPG,-49.34699477777778,-27.39581613888889,533.797,2026:03:01 16:53:16
110MEDIA,DJI_0078.JPG,D:\drone\DCIM\110MEDIA\DJI_0078.JPG,-49.34700966666667,-27.395821027777778,533.489,2026:03:01 16:53:18
110MEDIA,DJI_0079.JPG,D:\drone\DCIM\110MEDIA\DJI_0079.JPG,-49.347033555555555,-27.395823749999998,533.308,2026:03:01 16:53:20
110MEDIA,DJI_0080.JPG,D:\drone\DCIM\110MEDIA\DJI_0080.JPG,-49.347057750000005,-27.395827277777776,533.112,2026:03:01 16:53:22
110MEDIA,DJI_0081.JPG,D:\drone\DCIM\110MEDIA\DJI_0081.JPG,-49.34707758333334,-27.395834083333334,533.108,2026:03:01 16:53:24
110MEDIA,DJI_0082.JPG,D:\drone\DCIM\110MEDIA\DJI_0082.JPG,-49.347099222222226,-27.395839583333334,533.032,2026:03:01 16:53:26
110MEDIA,DJI_0083.JPG,D:\drone\DCIM\110MEDIA\DJI_0083.JPG,-49.347120583333336,-27.39584261111111,532.952,2026:03:01 16:53:28
110MEDIA,DJI_0084.JPG,D:\drone\DCIM\110MEDIA\DJI_0084.JPG,-49.34714238888889,-27.395841527777776,532.91,2026:03:01 16:53:30
110MEDIA,DJI_0085.JPG,D:\drone\DCIM\110MEDIA\DJI_0085.JPG,-49.347157111111116,-27.395841944444445,532.285,2026:03:01 16:53:32
110MEDIA,DJI_0086.JPG,D:\drone\DCIM\110MEDIA\DJI_0086.JPG,-49.34715608333334,-27.395841472222223,531.838,2026:03:01 16:53:34
110MEDIA,DJI_0087.JPG,D:\drone\DCIM\110MEDIA\DJI_0087.JPG,-49.34715616666667,-27.395841722222222,531.711,2026:03:01 16:53:36
110MEDIA,DJI_0088.JPG,D:\drone\DCIM\110MEDIA\DJI_0088.JPG,-49.34715677777778,-27.39584161111111,531.577,2026:03:01 16:53:38
110MEDIA,DJI_0089.JPG,D:\drone\DCIM\110MEDIA\DJI_0089.JPG,-49.34715680555556,-27.395841722222222,531.513,2026:03:01 16:53:40
110MEDIA,DJI_0090.JPG,D:\drone\DCIM\110MEDIA\DJI_0090.JPG,-49.347156222222225,-27.39584175,531.462,2026:03:01 16:53:42
110MEDIA,DJI_0091.JPG,D:\drone\DCIM\110MEDIA\DJI_0091.JPG,-49.34715555555556,-27.395841694444442,531.437,2026:03:01 16:53:44
110MEDIA,DJI_0092.JPG,D:\drone\DCIM\110MEDIA\DJI_0092.JPG,-49.34715502777778,-27.395842138888888,531.448,2026:03:01 16:53:46
110MEDIA,DJI_0093.JPG,D:\drone\DCIM\110MEDIA\DJI_0093.JPG,-49.34715497222223,-27.395842194444445,531.461,2026:03:01 16:53:48
110MEDIA,DJI_0094.JPG,D:\drone\DCIM\110MEDIA\DJI_0094.JPG,-49.34715505555556,-27.39584202777778,531.462,2026:03:01 16:53:50
110MEDIA,DJI_0095.JPG,D:\drone\DCIM\110MEDIA\DJI_0095.JPG,-49.347155111111114,-27.395841527777776,531.459,2026:03:01 16:53:52
110MEDIA,DJI_0096.JPG,D:\drone\DCIM\110MEDIA\DJI_0096.JPG,-49.347155666666666,-27.39584136111111,532.721,2026:03:01 16:54:17
110MEDIA,DJI_0097.JPG,D:\drone\DCIM\110MEDIA\DJI_0097.JPG,-49.34715525,-27.395841416666666,532.721,2026:03:01 16:54:19
110MEDIA,DJI_0098.JPG,D:\drone\DCIM\110MEDIA\DJI_0098.JPG,-49.347154833333335,-27.39584175,532.721,2026:03:01 16:54:21
110MEDIA,DJI_0099.JPG,D:\drone\DCIM\110MEDIA\DJI_0099.JPG,-49.34715494444445,-27.395842,532.721,2026:03:01 16:54:23
110MEDIA,DJI_0100.JPG,D:\drone\DCIM\110MEDIA\DJI_0100.JPG,-49.34715494444445,-27.39584327777778,532.721,2026:03:01 16:54:25
110MEDIA,DJI_0101.JPG,D:\drone\DCIM\110MEDIA\DJI_0101.JPG,-49.347154888888895,-27.39584411111111,532.721,2026:03:01 16:54:27
110MEDIA,DJI_0102.JPG,D:\drone\DCIM\110MEDIA\DJI_0102.JPG,-49.347154555555555,-27.395844444444442,532.721,2026:03:01 16:54:29
110MEDIA,DJI_0103.JPG,D:\drone\DCIM\110MEDIA\DJI_0103.JPG,-49.34715402777778,-27.395844694444445,532.721,2026:03:01 16:54:31
110MEDIA,DJI_0104.JPG,D:\drone\DCIM\110MEDIA\DJI_0104.JPG,-49.34715380555556,-27.395843888888887,532.721,2026:03:01 16:54:33
110MEDIA,DJI_0105.JPG,D:\drone\DCIM\110MEDIA\DJI_0105.JPG,-49.347154083333336,-27.395842333333334,532.721,2026:03:01 16:54:35
110MEDIA,DJI_0106.JPG,D:\drone\DCIM\110MEDIA\DJI_0106.JPG,-49.34715352777778,-27.395841333333333,532.721,2026:03:01 16:54:37
110MEDIA,DJI_0107.JPG,D:\drone\DCIM\110MEDIA\DJI_0107.JPG,-49.347152916666666,-27.395840944444444,532.721,2026:03:01 16:54:39
110MEDIA,DJI_0108.JPG,D:\drone\DCIM\110MEDIA\DJI_0108.JPG,-49.34715341666667,-27.39584061111111,532.721,2026:03:01 16:54:41
110MEDIA,DJI_0109.JPG,D:\drone\DCIM\110MEDIA\DJI_0109.JPG,-49.34715422222222,-27.395839638888887,532.721,2026:03:01 16:54:43
110MEDIA,DJI_0110.JPG,D:\drone\DCIM\110MEDIA\DJI_0110.JPG,-49.34715491666667,-27.395837416666666,532.721,2026:03:01 16:54:46
110MEDIA,DJI_0111.JPG,D:\drone\DCIM\110MEDIA\DJI_0111.JPG,-49.34715527777778,-27.395836499999998,532.721,2026:03:01 16:54:47
110MEDIA,DJI_0112.JPG,D:\drone\DCIM\110MEDIA\DJI_0112.JPG,-49.347157111111116,-27.395836,532.721,2026:03:01 16:54:49
110MEDIA,DJI_0113.JPG,D:\drone\DCIM\110MEDIA\DJI_0113.JPG,-49.34715933333334,-27.395837805555555,532.721,2026:03:01 16:54:51
110MEDIA,DJI_0114.JPG,D:\drone\DCIM\110MEDIA\DJI_0114.JPG,-49.347163,-27.395841277777777,532.721,2026:03:01 16:54:53
110MEDIA,DJI_0115.JPG,D:\drone\DCIM\110MEDIA\DJI_0115.JPG,-49.34716322222222,-27.395840749999998,532.721,2026:03:01 16:54:55
110MEDIA,DJI_0116.JPG,D:\drone\DCIM\110MEDIA\DJI_0116.JPG,-49.34716330555556,-27.395841138888887,532.721,2026:03:01 16:54:57
110MEDIA,DJI_0117.JPG,D:\drone\DCIM\110MEDIA\DJI_0117.JPG,-49.34716291666667,-27.395841277777777,532.721,2026:03:01 16:54:59
110MEDIA,DJI_0118.JPG,D:\drone\DCIM\110MEDIA\DJI_0118.JPG,-49.347162833333336,-27.395841194444444,532.721,2026:03:01 16:55:01
110MEDIA,DJI_0119.JPG,D:\drone\DCIM\110MEDIA\DJI_0119.JPG,-49.34716316666667,-27.39584122222222,532.721,2026:03:01 16:55:03
110MEDIA,DJI_0120.JPG,D:\drone\DCIM\110MEDIA\DJI_0120.JPG,-49.347163361111114,-27.395841138888887,532.721,2026:03:01 16:55:05
110MEDIA,DJI_0121.JPG,D:\drone\DCIM\110MEDIA\DJI_0121.JPG,-49.347163583333334,-27.395841027777777,532.721,2026:03:01 16:55:07
110MEDIA,DJI_0122.JPG,D:\drone\DCIM\110MEDIA\DJI_0122.JPG,-49.34716388888889,-27.395840833333335,532.721,2026:03:01 16:55:09
110MEDIA,DJI_0123.JPG,D:\drone\DCIM\110MEDIA\DJI_0123.JPG,-49.34716413888889,-27.395840666666665,532.721,2026:03:01 16:55:11
110MEDIA,DJI_0124.JPG,D:\drone\DCIM\110MEDIA\DJI_0124.JPG,-49.347163944444446,-27.395840305555556,532.721,2026:03:01 16:55:13
110MEDIA,DJI_0125.JPG,D:\drone\DCIM\110MEDIA\DJI_0125.JPG,-49.34716513888889,-27.395841027777777,532.721,2026:03:01 16:55:15
110MEDIA,DJI_0126.JPG,D:\drone\DCIM\110MEDIA\DJI_0126.JPG,-49.34716825,-27.395845305555554,532.721,2026:03:01 16:55:17
110MEDIA,DJI_0127.JPG,D:\drone\DCIM\110MEDIA\DJI_0127.JPG,-49.347171083333336,-27.39585038888889,532.721,2026:03:01 16:55:19
110MEDIA,DJI_0128.JPG,D:\drone\DCIM\110MEDIA\DJI_0128.JPG,-49.34717122222222,-27.395850694444444,532.721,2026:03:01 16:55:21
110MEDIA,DJI_0129.JPG,D:\drone\DCIM\110MEDIA\DJI_0129.JPG,-49.34717261111111,-27.395850777777778,532.721,2026:03:01 16:55:23
110MEDIA,DJI_0130.JPG,D:\drone\DCIM\110MEDIA\DJI_0130.JPG,-49.34717563888889,-27.39585538888889,532.921,2026:03:01 16:55:25
110MEDIA,DJI_0131.JPG,D:\drone\DCIM\110MEDIA\DJI_0131.JPG,-49.34718802777778,-27.395883555555557,532.921,2026:03:01 16:55:27
110MEDIA,DJI_0132.JPG,D:\drone\DCIM\110MEDIA\DJI_0132.JPG,-49.34718544444445,-27.395885666666665,532.921,2026:03:01 16:55:29
110MEDIA,DJI_0133.JPG,D:\drone\DCIM\110MEDIA\DJI_0133.JPG,-49.34718686111111,-27.39588525,532.921,2026:03:01 16:55:31
110MEDIA,DJI_0134.JPG,D:\drone\DCIM\110MEDIA\DJI_0134.JPG,-49.34718772222222,-27.395885694444445,532.921,2026:03:01 16:55:33
110MEDIA,DJI_0135.JPG,D:\drone\DCIM\110MEDIA\DJI_0135.JPG,-49.34718772222222,-27.395886472222223,532.921,2026:03:01 16:55:35
110MEDIA,DJI_0136.JPG,D:\drone\DCIM\110MEDIA\DJI_0136.JPG,-49.34718727777778,-27.395887138888888,532.921,2026:03:01 16:55:37
110MEDIA,DJI_0137.JPG,D:\drone\DCIM\110MEDIA\DJI_0137.JPG,-49.347188055555556,-27.395886972222222,532.921,2026:03:01 16:55:39
110MEDIA,DJI_0138.JPG,D:\drone\DCIM\110MEDIA\DJI_0138.JPG,-49.34718852777778,-27.39588638888889,532.921,2026:03:01 16:55:41
110MEDIA,DJI_0139.JPG,D:\drone\DCIM\110MEDIA\DJI_0139.JPG,-49.34718841666667,-27.39588586111111,532.921,2026:03:01 16:55:43
110MEDIA,DJI_0140.JPG,D:\drone\DCIM\110MEDIA\DJI_0140.JPG,-49.347188305555555,-27.3958855,532.921,2026:03:01 16:55:45
110MEDIA,DJI_0141.JPG,D:\drone\DCIM\110MEDIA\DJI_0141.JPG,-49.34718825,-27.395885888888888,532.921,2026:03:01 16:55:47
110MEDIA,DJI_0142.JPG,D:\drone\DCIM\110MEDIA\DJI_0142.JPG,-49.34718777777778,-27.395886083333334,532.921,2026:03:01 16:55:49
110MEDIA,DJI_0143.JPG,D:\drone\DCIM\110MEDIA\DJI_0143.JPG,-49.34718763888889,-27.395886083333334,532.921,2026:03:01 16:55:51
110MEDIA,DJI_0144.JPG,D:\drone\DCIM\110MEDIA\DJI_0144.JPG,-49.34718775,-27.395886833333332,532.921,2026:03:01 16:55:53
110MEDIA,DJI_0145.JPG,D:\drone\DCIM\110MEDIA\DJI_0145.JPG,-49.34718822222222,-27.395887166666665,532.921,2026:03:01 16:55:55
110MEDIA,DJI_0146.JPG,D:\drone\DCIM\110MEDIA\DJI_0146.JPG,-49.34718788888889,-27.39588811111111,532.921,2026:03:01 16:55:57
110MEDIA,DJI_0147.JPG,D:\drone\DCIM\110MEDIA\DJI_0147.JPG,-49.34718738888889,-27.395888944444444,533.021,2026:03:01 16:55:59
110MEDIA,DJI_0148.JPG,D:\drone\DCIM\110MEDIA\DJI_0148.JPG,-49.34718794444445,-27.395890305555554,532.921,2026:03:01 16:56:01
110MEDIA,DJI_0149.JPG,D:\drone\DCIM\110MEDIA\DJI_0149.JPG,-49.34718502777778,-27.3958965,533.021,2026:03:01 16:56:03
110MEDIA,DJI_0150.JPG,D:\drone\DCIM\110MEDIA\DJI_0150.JPG,-49.34718452777778,-27.395895944444444,533.021,2026:03:01 16:56:05
110MEDIA,DJI_0151.JPG,D:\drone\DCIM\110MEDIA\DJI_0151.JPG,-49.34719669444445,-27.395904972222223,533.021,2026:03:01 16:56:07
110MEDIA,DJI_0152.JPG,D:\drone\DCIM\110MEDIA\DJI_0152.JPG,-49.34720472222222,-27.395915166666665,532.921,2026:03:01 16:56:09
110MEDIA,DJI_0153.JPG,D:\drone\DCIM\110MEDIA\DJI_0153.JPG,-49.34720455555556,-27.39591536111111,533.021,2026:03:01 16:56:11
110MEDIA,DJI_0154.JPG,D:\drone\DCIM\110MEDIA\DJI_0154.JPG,-49.347205833333334,-27.395914527777776,532.921,2026:03:01 16:56:13
110MEDIA,DJI_0155.JPG,D:\drone\DCIM\110MEDIA\DJI_0155.JPG,-49.34720577777778,-27.39591513888889,533.021,2026:03:01 16:56:15
110MEDIA,DJI_0156.JPG,D:\drone\DCIM\110MEDIA\DJI_0156.JPG,-49.34720502777778,-27.39591572222222,533.021,2026:03:01 16:56:17
110MEDIA,DJI_0157.JPG,D:\drone\DCIM\110MEDIA\DJI_0157.JPG,-49.347204805555556,-27.395915833333333,533.021,2026:03:01 16:56:19
110MEDIA,DJI_0158.JPG,D:\drone\DCIM\110MEDIA\DJI_0158.JPG,-49.347204472222224,-27.39591547222222,533.021,2026:03:01 16:56:21
110MEDIA,DJI_0159.JPG,D:\drone\DCIM\110MEDIA\DJI_0159.JPG,-49.34720455555556,-27.395915277777778,533.021,2026:03:01 16:56:23
110MEDIA,DJI_0160.JPG,D:\drone\DCIM\110MEDIA\DJI_0160.JPG,-49.347203972222225,-27.395915555555554,533.021,2026:03:01 16:56:25
110MEDIA,DJI_0161.JPG,D:\drone\DCIM\110MEDIA\DJI_0161.JPG,-49.347203444444446,-27.395915944444443,533.021,2026:03:01 16:56:27
110MEDIA,DJI_0162.JPG,D:\drone\DCIM\110MEDIA\DJI_0162.JPG,-49.347202888888894,-27.395916833333334,533.021,2026:03:01 16:56:29
110MEDIA,DJI_0163.JPG,D:\drone\DCIM\110MEDIA\DJI_0163.JPG,-49.34720638888889,-27.395917999999998,532.921,2026:03:01 16:56:31
110MEDIA,DJI_0164.JPG,D:\drone\DCIM\110MEDIA\DJI_0164.JPG,-49.3472105,-27.395917916666665,532.821,2026:03:01 16:56:33
110MEDIA,DJI_0165.JPG,D:\drone\DCIM\110MEDIA\DJI_0165.JPG,-49.34721669444445,-27.39591911111111,532.821,2026:03:01 16:56:35
110MEDIA,DJI_0166.JPG,D:\drone\DCIM\110MEDIA\DJI_0166.JPG,-49.34722411111111,-27.395926222222222,532.821,2026:03:01 16:56:37
110MEDIA,DJI_0167.JPG,D:\drone\DCIM\110MEDIA\DJI_0167.JPG,-49.34722413888889,-27.39592797222222,532.821,2026:03:01 16:56:39
110MEDIA,DJI_0168.JPG,D:\drone\DCIM\110MEDIA\DJI_0168.JPG,-49.34722388888889,-27.395929444444445,532.721,2026:03:01 16:56:41
110MEDIA,DJI_0169.JPG,D:\drone\DCIM\110MEDIA\DJI_0169.JPG,-49.34722475,-27.395930611111112,532.521,2026:03:01 16:56:43
110MEDIA,DJI_0170.JPG,D:\drone\DCIM\110MEDIA\DJI_0170.JPG,-49.34722569444445,-27.395931083333334,532.021,2026:03:01 16:56:45
110MEDIA,DJI_0171.JPG,D:\drone\DCIM\110MEDIA\DJI_0171.JPG,-49.34722630555556,-27.39593052777778,531.921,2026:03:01 16:56:47
110MEDIA,DJI_0172.JPG,D:\drone\DCIM\110MEDIA\DJI_0172.JPG,-49.34722608333333,-27.395931527777776,531.938,2026:03:01 16:56:49
110MEDIA,DJI_0173.JPG,D:\drone\DCIM\110MEDIA\DJI_0173.JPG,-49.34722994444445,-27.395959194444444,532.0,2026:03:01 17:03:18
110MEDIA,DJI_0174.JPG,D:\drone\DCIM\110MEDIA\DJI_0174.JPG,-49.34722994444445,-27.395959277777777,532.0,2026:03:01 17:03:20
110MEDIA,DJI_0175.JPG,D:\drone\DCIM\110MEDIA\DJI_0175.JPG,-49.34722958333334,-27.39595925,532.0,2026:03:01 17:03:22
110MEDIA,DJI_0176.JPG,D:\drone\DCIM\110MEDIA\DJI_0176.JPG,-49.34722930555556,-27.395959444444443,531.998,2026:03:01 17:03:24
110MEDIA,DJI_0177.JPG,D:\drone\DCIM\110MEDIA\DJI_0177.JPG,-49.347228916666666,-27.395959666666666,531.997,2026:03:01 17:03:26
110MEDIA,DJI_0178.JPG,D:\drone\DCIM\110MEDIA\DJI_0178.JPG,-49.34722852777778,-27.39595986111111,531.995,2026:03:01 17:03:28
110MEDIA,DJI_0179.JPG,D:\drone\DCIM\110MEDIA\DJI_0179.JPG,-49.347228138888894,-27.39596036111111,531.992,2026:03:01 17:03:30
110MEDIA,DJI_0180.JPG,D:\drone\DCIM\110MEDIA\DJI_0180.JPG,-49.34722763888889,-27.39596075,531.99,2026:03:01 17:03:32
110MEDIA,DJI_0181.JPG,D:\drone\DCIM\110MEDIA\DJI_0181.JPG,-49.34722763888889,-27.395960694444444,531.987,2026:03:01 17:03:34
110MEDIA,DJI_0182.JPG,D:\drone\DCIM\110MEDIA\DJI_0182.JPG,-49.34722522222223,-27.395960083333332,532.282,2026:03:01 17:03:36
110MEDIA,DJI_0183.JPG,D:\drone\DCIM\110MEDIA\DJI_0183.JPG,-49.34722569444445,-27.395949722222223,532.78,2026:03:01 17:03:38
110MEDIA,DJI_0184.JPG,D:\drone\DCIM\110MEDIA\DJI_0184.JPG,-49.34722366666667,-27.395940833333334,532.709,2026:03:01 17:03:40
111MEDIA,DJI_0001.JPG,D:\drone\DCIM\111MEDIA\DJI_0001.JPG,-49.34703091666667,-27.39482411111111,622.782,2026:03:01 16:13:33
111MEDIA,DJI_0002.JPG,D:\drone\DCIM\111MEDIA\DJI_0002.JPG,-49.346898611111115,-27.394910499999998,622.682,2026:03:01 16:13:35
111MEDIA,DJI_0003.JPG,D:\drone\DCIM\111MEDIA\DJI_0003.JPG,-49.34675466666667,-27.39500177777778,622.882,2026:03:01 16:13:37
111MEDIA,DJI_0004.JPG,D:\drone\DCIM\111MEDIA\DJI_0004.JPG,-49.346606972222226,-27.395092805555556,622.782,2026:03:01 16:13:39
111MEDIA,DJI_0005.JPG,D:\drone\DCIM\111MEDIA\DJI_0005.JPG,-49.34646188888889,-27.395181861111112,622.882,2026:03:01 16:13:41
111MEDIA,DJI_0006.JPG,D:\drone\DCIM\111MEDIA\DJI_0006.JPG,-49.34632247222223,-27.395264916666665,622.782,2026:03:01 16:13:43
111MEDIA,DJI_0007.JPG,D:\drone\DCIM\111MEDIA\DJI_0007.JPG,-49.346164944444446,-27.395361472222223,622.682,2026:03:01 16:13:45
111MEDIA,DJI_0008.JPG,D:\drone\DCIM\111MEDIA\DJI_0008.JPG,-49.346017555555555,-27.39545825,622.782,2026:03:01 16:13:47
111MEDIA,DJI_0009.JPG,D:\drone\DCIM\111MEDIA\DJI_0009.JPG,-49.34587722222223,-27.395548138888888,622.782,2026:03:01 16:13:49
111MEDIA,DJI_0010.JPG,D:\drone\DCIM\111MEDIA\DJI_0010.JPG,-49.34574561111111,-27.395635555555554,622.582,2026:03:01 16:13:51
111MEDIA,DJI_0011.JPG,D:\drone\DCIM\111MEDIA\DJI_0011.JPG,-49.34564752777778,-27.395696722222223,622.582,2026:03:01 16:13:53
111MEDIA,DJI_0012.JPG,D:\drone\DCIM\111MEDIA\DJI_0012.JPG,-49.34553702777778,-27.395748166666667,622.782,2026:03:01 16:13:55
111MEDIA,DJI_0013.JPG,D:\drone\DCIM\111MEDIA\DJI_0013.JPG,-49.34540591666667,-27.39579263888889,622.582,2026:03:01 16:13:57
111MEDIA,DJI_0014.JPG,D:\drone\DCIM\111MEDIA\DJI_0014.JPG,-49.345283055555555,-27.395826055555556,622.882,2026:03:01 16:13:59
111MEDIA,DJI_0015.JPG,D:\drone\DCIM\111MEDIA\DJI_0015.JPG,-49.34517530555556,-27.395846305555555,622.782,2026:03:01 16:14:01
111MEDIA,DJI_0016.JPG,D:\drone\DCIM\111MEDIA\DJI_0016.JPG,-49.34505477777778,-27.395863527777777,622.782,2026:03:01 16:14:03
111MEDIA,DJI_0017.JPG,D:\drone\DCIM\111MEDIA\DJI_0017.JPG,-49.34491605555556,-27.39588513888889,622.782,2026:03:01 16:14:05
111MEDIA,DJI_0018.JPG,D:\drone\DCIM\111MEDIA\DJI_0018.JPG,-49.34476088888889,-27.3959105,622.682,2026:03:01 16:14:07
111MEDIA,DJI_0019.JPG,D:\drone\DCIM\111MEDIA\DJI_0019.JPG,-49.344622972222226,-27.395935416666667,622.682,2026:03:01 16:14:09
111MEDIA,DJI_0020.JPG,D:\drone\DCIM\111MEDIA\DJI_0020.JPG,-49.34450541666667,-27.395952472222223,622.882,2026:03:01 16:14:11
111MEDIA,DJI_0021.JPG,D:\drone\DCIM\111MEDIA\DJI_0021.JPG,-49.34440861111111,-27.395961444444445,622.882,2026:03:01 16:14:13
111MEDIA,DJI_0022.JPG,D:\drone\DCIM\111MEDIA\DJI_0022.JPG,-49.34431363888889,-27.39597125,622.882,2026:03:01 16:14:15
111MEDIA,DJI_0023.JPG,D:\drone\DCIM\111MEDIA\DJI_0023.JPG,-49.34420886111111,-27.39598336111111,622.782,2026:03:01 16:14:17
111MEDIA,DJI_0024.JPG,D:\drone\DCIM\111MEDIA\DJI_0024.JPG,-49.34407705555556,-27.39599986111111,622.982,2026:03:01 16:14:19
111MEDIA,DJI_0025.JPG,D:\drone\DCIM\111MEDIA\DJI_0025.JPG,-49.34405655555556,-27.396003444444442,622.782,2026:03:01 16:14:21
111MEDIA,DJI_0026.JPG,D:\drone\DCIM\111MEDIA\DJI_0026.JPG,-49.344058000000004,-27.396003416666666,622.782,2026:03:01 16:14:22
111MEDIA,DJI_0027.JPG,D:\drone\DCIM\111MEDIA\DJI_0027.JPG,-49.34405783333334,-27.396003194444443,622.882,2026:03:01 16:14:24
111MEDIA,DJI_0028.JPG,D:\drone\DCIM\111MEDIA\DJI_0028.JPG,-49.34405486111111,-27.396002527777778,622.782,2026:03:01 16:14:27
111MEDIA,DJI_0029.JPG,D:\drone\DCIM\111MEDIA\DJI_0029.JPG,-49.34404086111111,-27.395998166666665,624.482,2026:03:01 16:14:28
111MEDIA,DJI_0030.JPG,D:\drone\DCIM\111MEDIA\DJI_0030.JPG,-49.34404105555556,-27.39599122222222,625.682,2026:03:01 16:14:31
111MEDIA,DJI_0031.JPG,D:\drone\DCIM\111MEDIA\DJI_0031.JPG,-49.34405408333333,-27.3959365,625.782,2026:03:01 16:14:33
111MEDIA,DJI_0032.JPG,D:\drone\DCIM\111MEDIA\DJI_0032.JPG,-49.34411586111111,-27.395876805555556,625.882,2026:03:01 16:14:35
111MEDIA,DJI_0033.JPG,D:\drone\DCIM\111MEDIA\DJI_0033.JPG,-49.34422580555556,-27.395809944444444,625.782,2026:03:01 16:14:37
111MEDIA,DJI_0034.JPG,D:\drone\DCIM\111MEDIA\DJI_0034.JPG,-49.34436238888889,-27.395745722222223,625.782,2026:03:01 16:14:39
111MEDIA,DJI_0035.JPG,D:\drone\DCIM\111MEDIA\DJI_0035.JPG,-49.34451502777778,-27.395680055555555,625.782,2026:03:01 16:14:41
111MEDIA,DJI_0036.JPG,D:\drone\DCIM\111MEDIA\DJI_0036.JPG,-49.344664111111115,-27.395627472222223,625.882,2026:03:01 16:14:43
111MEDIA,DJI_0037.JPG,D:\drone\DCIM\111MEDIA\DJI_0037.JPG,-49.34481791666667,-27.395585555555556,625.882,2026:03:01 16:14:45
111MEDIA,DJI_0038.JPG,D:\drone\DCIM\111MEDIA\DJI_0038.JPG,-49.344973055555556,-27.395538166666665,625.882,2026:03:01 16:14:47
111MEDIA,DJI_0039.JPG,D:\drone\DCIM\111MEDIA\DJI_0039.JPG,-49.345128333333335,-27.395487638888888,625.682,2026:03:01 16:14:49
111MEDIA,DJI_0040.JPG,D:\drone\DCIM\111MEDIA\DJI_0040.JPG,-49.34528436111111,-27.39543447222222,625.782,2026:03:01 16:14:51
111MEDIA,DJI_0041.JPG,D:\drone\DCIM\111MEDIA\DJI_0041.JPG,-49.34544008333334,-27.395378416666667,625.882,2026:03:01 16:14:53
111MEDIA,DJI_0042.JPG,D:\drone\DCIM\111MEDIA\DJI_0042.JPG,-49.345592333333336,-27.39531708333333,625.682,2026:03:01 16:14:55
111MEDIA,DJI_0043.JPG,D:\drone\DCIM\111MEDIA\DJI_0043.JPG,-49.34574719444445,-27.395255638888887,625.782,2026:03:01 16:14:57
111MEDIA,DJI_0044.JPG,D:\drone\DCIM\111MEDIA\DJI_0044.JPG,-49.34590116666667,-27.395194055555557,625.782,2026:03:01 16:14:59
111MEDIA,DJI_0045.JPG,D:\drone\DCIM\111MEDIA\DJI_0045.JPG,-49.346025611111116,-27.395099916666666,625.782,2026:03:01 16:15:01
111MEDIA,DJI_0046.JPG,D:\drone\DCIM\111MEDIA\DJI_0046.JPG,-49.34606775,-27.395004194444443,625.682,2026:03:01 16:15:03
111MEDIA,DJI_0047.JPG,D:\drone\DCIM\111MEDIA\DJI_0047.JPG,-49.34606755555556,-27.395002333333334,625.682,2026:03:01 16:15:05
111MEDIA,DJI_0048.JPG,D:\drone\DCIM\111MEDIA\DJI_0048.JPG,-49.346069194444446,-27.39500236111111,625.682,2026:03:01 16:15:07
111MEDIA,DJI_0049.JPG,D:\drone\DCIM\111MEDIA\DJI_0049.JPG,-49.346070250000004,-27.395002555555553,625.782,2026:03:01 16:15:09
111MEDIA,DJI_0050.JPG,D:\drone\DCIM\111MEDIA\DJI_0050.JPG,-49.346069694444445,-27.39500275,625.682,2026:03:01 16:15:11
111MEDIA,DJI_0051.JPG,D:\drone\DCIM\111MEDIA\DJI_0051.JPG,-49.34606977777778,-27.39500325,625.782,2026:03:01 16:15:13
111MEDIA,DJI_0052.JPG,D:\drone\DCIM\111MEDIA\DJI_0052.JPG,-49.34607175,-27.395005472222223,625.682,2026:03:01 16:15:15
111MEDIA,DJI_0053.JPG,D:\drone\DCIM\111MEDIA\DJI_0053.JPG,-49.34607252777778,-27.39500608333333,625.782,2026:03:01 16:15:17
111MEDIA,DJI_0054.JPG,D:\drone\DCIM\111MEDIA\DJI_0054.JPG,-49.34607066666667,-27.395004083333333,625.782,2026:03:01 16:15:19
111MEDIA,DJI_0055.JPG,D:\drone\DCIM\111MEDIA\DJI_0055.JPG,-49.34606958333334,-27.395003916666667,625.782,2026:03:01 16:15:21
111MEDIA,DJI_0056.JPG,D:\drone\DCIM\111MEDIA\DJI_0056.JPG,-49.34606894444445,-27.395002555555553,625.782,2026:03:01 16:15:22
111MEDIA,DJI_0057.JPG,D:\drone\DCIM\111MEDIA\DJI_0057.JPG,-49.34606927777778,-27.39500236111111,625.682,2026:03:01 16:15:25
111MEDIA,DJI_0058.JPG,D:\drone\DCIM\111MEDIA\DJI_0058.JPG,-49.34606913888889,-27.3950025,625.782,2026:03:01 16:15:27
111MEDIA,DJI_0059.JPG,D:\drone\DCIM\111MEDIA\DJI_0059.JPG,-49.346069694444445,-27.395001583333332,626.782,2026:03:01 16:15:29
111MEDIA,DJI_0060.JPG,D:\drone\DCIM\111MEDIA\DJI_0060.JPG,-49.346069972222224,-27.395001861111112,632.082,2026:03:01 16:15:31
111MEDIA,DJI_0061.JPG,D:\drone\DCIM\111MEDIA\DJI_0061.JPG,-49.34607033333334,-27.395005694444443,636.982,2026:03:01 16:15:33
111MEDIA,DJI_0062.JPG,D:\drone\DCIM\111MEDIA\DJI_0062.JPG,-49.346071111111115,-27.39500925,639.982,2026:03:01 16:15:35
111MEDIA,DJI_0063.JPG,D:\drone\DCIM\111MEDIA\DJI_0063.JPG,-49.34604325,-27.39501563888889,642.382,2026:03:01 16:15:37
111MEDIA,DJI_0064.JPG,D:\drone\DCIM\111MEDIA\DJI_0064.JPG,-49.346038194444446,-27.395018666666665,643.882,2026:03:01 16:15:39
111MEDIA,DJI_0065.JPG,D:\drone\DCIM\111MEDIA\DJI_0065.JPG,-49.34601147222222,-27.395034666666668,644.882,2026:03:01 16:15:40
111MEDIA,DJI_0066.JPG,D:\drone\DCIM\111MEDIA\DJI_0066.JPG,-49.345956361111114,-27.39506886111111,645.782,2026:03:01 16:15:43
111MEDIA,DJI_0067.JPG,D:\drone\DCIM\111MEDIA\DJI_0067.JPG,-49.34588827777778,-27.39511061111111,646.482,2026:03:01 16:15:45
111MEDIA,DJI_0068.JPG,D:\drone\DCIM\111MEDIA\DJI_0068.JPG,-49.3458035,-27.39515972222222,646.782,2026:03:01 16:15:47
111MEDIA,DJI_0069.JPG,D:\drone\DCIM\111MEDIA\DJI_0069.JPG,-49.345726694444444,-27.39519472222222,646.882,2026:03:01 16:15:49
111MEDIA,DJI_0070.JPG,D:\drone\DCIM\111MEDIA\DJI_0070.JPG,-49.34563133333334,-27.395217166666665,646.782,2026:03:01 16:15:51
111MEDIA,DJI_0071.JPG,D:\drone\DCIM\111MEDIA\DJI_0071.JPG,-49.345520444444446,-27.395229694444446,647.182,2026:03:01 16:15:53
111MEDIA,DJI_0072.JPG,D:\drone\DCIM\111MEDIA\DJI_0072.JPG,-49.34542786111111,-27.3952325,647.382,2026:03:01 16:15:55
111MEDIA,DJI_0073.JPG,D:\drone\DCIM\111MEDIA\DJI_0073.JPG,-49.34532769444445,-27.395234249999998,647.682,2026:03:01 16:15:57
111MEDIA,DJI_0074.JPG,D:\drone\DCIM\111MEDIA\DJI_0074.JPG,-49.34520786111111,-27.395235888888887,647.782,2026:03:01 16:15:59
111MEDIA,DJI_0075.JPG,D:\drone\DCIM\111MEDIA\DJI_0075.JPG,-49.345100888888894,-27.395236138888887,648.282,2026:03:01 16:16:01
111MEDIA,DJI_0076.JPG,D:\drone\DCIM\111MEDIA\DJI_0076.JPG,-49.34510252777778,-27.395238083333332,648.382,2026:03:01 16:16:03
111MEDIA,DJI_0077.JPG,D:\drone\DCIM\111MEDIA\DJI_0077.JPG,-49.34510372222223,-27.395238416666665,648.382,2026:03:01 16:16:05
111MEDIA,DJI_0078.JPG,D:\drone\DCIM\111MEDIA\DJI_0078.JPG,-49.345103361111114,-27.395238222222222,648.582,2026:03:01 16:16:07
111MEDIA,DJI_0079.JPG,D:\drone\DCIM\111MEDIA\DJI_0079.JPG,-49.34510502777778,-27.395238527777778,648.482,2026:03:01 16:16:09
111MEDIA,DJI_0080.JPG,D:\drone\DCIM\111MEDIA\DJI_0080.JPG,-49.34510630555556,-27.39523925,648.582,2026:03:01 16:16:11
111MEDIA,DJI_0081.JPG,D:\drone\DCIM\111MEDIA\DJI_0081.JPG,-49.345105861111115,-27.395240305555554,648.682,2026:03:01 16:16:13
111MEDIA,DJI_0082.JPG,D:\drone\DCIM\111MEDIA\DJI_0082.JPG,-49.345103055555555,-27.39523847222222,648.682,2026:03:01 16:16:15
111MEDIA,DJI_0083.JPG,D:\drone\DCIM\111MEDIA\DJI_0083.JPG,-49.34510322222223,-27.395238083333332,648.682,2026:03:01 16:16:17
111MEDIA,DJI_0084.JPG,D:\drone\DCIM\111MEDIA\DJI_0084.JPG,-49.345105000000004,-27.39523833333333,648.682,2026:03:01 16:16:19
111MEDIA,DJI_0085.JPG,D:\drone\DCIM\111MEDIA\DJI_0085.JPG,-49.345106111111114,-27.395238194444445,648.882,2026:03:01 16:16:21
111MEDIA,DJI_0086.JPG,D:\drone\DCIM\111MEDIA\DJI_0086.JPG,-49.34510405555556,-27.395236,649.982,2026:03:01 16:16:23
111MEDIA,DJI_0087.JPG,D:\drone\DCIM\111MEDIA\DJI_0087.JPG,-49.34510291666667,-27.395236444444443,650.582,2026:03:01 16:16:25
111MEDIA,DJI_0088.JPG,D:\drone\DCIM\111MEDIA\DJI_0088.JPG,-49.34510411111111,-27.3952375,650.582,2026:03:01 16:16:27
111MEDIA,DJI_0089.JPG,D:\drone\DCIM\111MEDIA\DJI_0089.JPG,-49.34516686111111,-27.39526675,650.682,2026:03:01 16:16:29
111MEDIA,DJI_0090.JPG,D:\drone\DCIM\111MEDIA\DJI_0090.JPG,-49.3453135,-27.395329472222222,650.682,2026:03:01 16:16:31
111MEDIA,DJI_0091.JPG,D:\drone\DCIM\111MEDIA\DJI_0091.JPG,-49.345488055555556,-27.395402527777776,650.582,2026:03:01 16:16:33
111MEDIA,DJI_0092.JPG,D:\drone\DCIM\111MEDIA\DJI_0092.JPG,-49.345674333333335,-27.39547911111111,650.682,2026:03:01 16:16:35
111MEDIA,DJI_0093.JPG,D:\drone\DCIM\111MEDIA\DJI_0093.JPG,-49.3458635,-27.39555588888889,650.682,2026:03:01 16:16:37
111MEDIA,DJI_0094.JPG,D:\drone\DCIM\111MEDIA\DJI_0094.JPG,-49.34605311111111,-27.395634777777776,650.682,2026:03:01 16:16:39
111MEDIA,DJI_0095.JPG,D:\drone\DCIM\111MEDIA\DJI_0095.JPG,-49.34623144444445,-27.395710027777778,650.682,2026:03:01 16:16:41
111MEDIA,DJI_0096.JPG,D:\drone\DCIM\111MEDIA\DJI_0096.JPG,-49.34642763888889,-27.395793527777776,650.682,2026:03:01 16:16:43
111MEDIA,DJI_0097.JPG,D:\drone\DCIM\111MEDIA\DJI_0097.JPG,-49.34661361111112,-27.395872555555556,650.682,2026:03:01 16:16:45
111MEDIA,DJI_0098.JPG,D:\drone\DCIM\111MEDIA\DJI_0098.JPG,-49.346797583333334,-27.395951083333333,650.682,2026:03:01 16:16:47
111MEDIA,DJI_0099.JPG,D:\drone\DCIM\111MEDIA\DJI_0099.JPG,-49.34697969444445,-27.39602786111111,650.682,2026:03:01 16:16:49
111MEDIA,DJI_0100.JPG,D:\drone\DCIM\111MEDIA\DJI_0100.JPG,-49.347162583333336,-27.396104416666667,650.682,2026:03:01 16:16:51
111MEDIA,DJI_0101.JPG,D:\drone\DCIM\111MEDIA\DJI_0101.JPG,-49.347346,-27.3961805,650.582,2026:03:01 16:16:53
111MEDIA,DJI_0102.JPG,D:\drone\DCIM\111MEDIA\DJI_0102.JPG,-49.347523083333336,-27.396252583333332,650.682,2026:03:01 16:16:55
111MEDIA,DJI_0103.JPG,D:\drone\DCIM\111MEDIA\DJI_0103.JPG,-49.34756738888889,-27.39627036111111,650.582,2026:03:01 16:16:57
111MEDIA,DJI_0104.JPG,D:\drone\DCIM\111MEDIA\DJI_0104.JPG,-49.347571916666666,-27.39627075,650.682,2026:03:01 16:16:59
111MEDIA,DJI_0105.JPG,D:\drone\DCIM\111MEDIA\DJI_0105.JPG,-49.347572694444445,-27.396270666666666,650.682,2026:03:01 16:17:01
111MEDIA,DJI_0106.JPG,D:\drone\DCIM\111MEDIA\DJI_0106.JPG,-49.34757280555556,-27.396270666666666,650.682,2026:03:01 16:17:03
111MEDIA,DJI_0107.JPG,D:\drone\DCIM\111MEDIA\DJI_0107.JPG,-49.347573611111116,-27.396271166666665,650.682,2026:03:01 16:17:05
111MEDIA,DJI_0108.JPG,D:\drone\DCIM\111MEDIA\DJI_0108.JPG,-49.34757416666667,-27.396271055555555,650.682,2026:03:01 16:17:07
111MEDIA,DJI_0109.JPG,D:\drone\DCIM\111MEDIA\DJI_0109.JPG,-49.34757397222222,-27.396271555555554,650.582,2026:03:01 16:17:09
111MEDIA,DJI_0110.JPG,D:\drone\DCIM\111MEDIA\DJI_0110.JPG,-49.34756016666667,-27.396252999999998,650.482,2026:03:01 16:17:11
111MEDIA,DJI_0111.JPG,D:\drone\DCIM\111MEDIA\DJI_0111.JPG,-49.347492055555556,-27.396159305555557,650.482,2026:03:01 16:17:13
111MEDIA,DJI_0112.JPG,D:\drone\DCIM\111MEDIA\DJI_0112.JPG,-49.34742711111112,-27.396069833333332,650.382,2026:03:01 16:17:15
111MEDIA,DJI_0113.JPG,D:\drone\DCIM\111MEDIA\DJI_0113.JPG,-49.34739113888889,-27.3960215,650.582,2026:03:01 16:17:17
111MEDIA,DJI_0114.JPG,D:\drone\DCIM\111MEDIA\DJI_0114.JPG,-49.34735877777778,-27.395979166666667,650.682,2026:03:01 16:17:19
111MEDIA,DJI_0115.JPG,D:\drone\DCIM\111MEDIA\DJI_0115.JPG,-49.34732566666667,-27.395935527777777,650.682,2026:03:01 16:17:21
111MEDIA,DJI_0116.JPG,D:\drone\DCIM\111MEDIA\DJI_0116.JPG,-49.347293944444445,-27.395892222222223,650.582,2026:03:01 16:17:23
111MEDIA,DJI_0117.JPG,D:\drone\DCIM\111MEDIA\DJI_0117.JPG,-49.34726261111111,-27.395848944444445,650.582,2026:03:01 16:17:25
111MEDIA,DJI_0118.JPG,D:\drone\DCIM\111MEDIA\DJI_0118.JPG,-49.347231666666666,-27.395805166666666,650.582,2026:03:01 16:17:27
111MEDIA,DJI_0119.JPG,D:\drone\DCIM\111MEDIA\DJI_0119.JPG,-49.34720036111111,-27.395763666666667,650.582,2026:03:01 16:17:29
111MEDIA,DJI_0120.JPG,D:\drone\DCIM\111MEDIA\DJI_0120.JPG,-49.34719336111112,-27.395752916666666,650.482,2026:03:01 16:17:31
111MEDIA,DJI_0121.JPG,D:\drone\DCIM\111MEDIA\DJI_0121.JPG,-49.34719333333334,-27.395752555555553,650.482,2026:03:01 16:17:33
111MEDIA,DJI_0122.JPG,D:\drone\DCIM\111MEDIA\DJI_0122.JPG,-49.34719397222222,-27.395752194444444,650.482,2026:03:01 16:17:35
111MEDIA,DJI_0123.JPG,D:\drone\DCIM\111MEDIA\DJI_0123.JPG,-49.34719527777778,-27.395751333333333,649.782,2026:03:01 16:17:37
111MEDIA,DJI_0124.JPG,D:\drone\DCIM\111MEDIA\DJI_0124.JPG,-49.347197388888894,-27.395750916666668,640.782,2026:03:01 16:17:39
111MEDIA,DJI_0125.JPG,D:\drone\DCIM\111MEDIA\DJI_0125.JPG,-49.34719447222223,-27.39575136111111,631.382,2026:03:01 16:17:41
111MEDIA,DJI_0126.JPG,D:\drone\DCIM\111MEDIA\DJI_0126.JPG,-49.34719488888889,-27.39575188888889,621.482,2026:03:01 16:17:43
111MEDIA,DJI_0127.JPG,D:\drone\DCIM\111MEDIA\DJI_0127.JPG,-49.34719447222223,-27.395752722222223,610.982,2026:03:01 16:17:45
111MEDIA,DJI_0128.JPG,D:\drone\DCIM\111MEDIA\DJI_0128.JPG,-49.3471935,-27.395752694444443,600.982,2026:03:01 16:17:47
111MEDIA,DJI_0129.JPG,D:\drone\DCIM\111MEDIA\DJI_0129.JPG,-49.34719394444445,-27.395753055555556,590.882,2026:03:01 16:17:49
111MEDIA,DJI_0130.JPG,D:\drone\DCIM\111MEDIA\DJI_0130.JPG,-49.34719430555556,-27.39575222222222,583.382,2026:03:01 16:17:51
111MEDIA,DJI_0131.JPG,D:\drone\DCIM\111MEDIA\DJI_0131.JPG,-49.347193833333336,-27.39575211111111,577.682,2026:03:01 16:17:53
111MEDIA,DJI_0132.JPG,D:\drone\DCIM\111MEDIA\DJI_0132.JPG,-49.34719338888889,-27.395751444444443,572.282,2026:03:01 16:17:55
111MEDIA,DJI_0133.JPG,D:\drone\DCIM\111MEDIA\DJI_0133.JPG,-49.34719336111112,-27.395751277777777,566.682,2026:03:01 16:17:57
111MEDIA,DJI_0134.JPG,D:\drone\DCIM\111MEDIA\DJI_0134.JPG,-49.347193222222224,-27.395751583333332,560.482,2026:03:01 16:17:59
111MEDIA,DJI_0135.JPG,D:\drone\DCIM\111MEDIA\DJI_0135.JPG,-49.34719252777778,-27.395751222222223,554.482,2026:03:01 16:18:01
111MEDIA,DJI_0136.JPG,D:\drone\DCIM\111MEDIA\DJI_0136.JPG,-49.34719316666667,-27.395751527777776,548.682,2026:03:01 16:18:03
111MEDIA,DJI_0137.JPG,D:\drone\DCIM\111MEDIA\DJI_0137.JPG,-49.34718977777778,-27.395752027777778,543.982,2026:03:01 16:18:05
111MEDIA,DJI_0138.JPG,D:\drone\DCIM\111MEDIA\DJI_0138.JPG,-49.34719125,-27.395751222222223,543.082,2026:03:01 16:18:07
111MEDIA,DJI_0139.JPG,D:\drone\DCIM\111MEDIA\DJI_0139.JPG,-49.34719169444445,-27.395751055555554,541.282,2026:03:01 16:18:09
111MEDIA,DJI_0140.JPG,D:\drone\DCIM\111MEDIA\DJI_0140.JPG,-49.347193000000004,-27.39574972222222,538.482,2026:03:01 16:18:11
111MEDIA,DJI_0141.JPG,D:\drone\DCIM\111MEDIA\DJI_0141.JPG,-49.347197666666666,-27.395751527777776,538.382,2026:03:01 16:18:13
111MEDIA,DJI_0142.JPG,D:\drone\DCIM\111MEDIA\DJI_0142.JPG,-49.34720466666667,-27.395762305555554,538.382,2026:03:01 16:18:15
111MEDIA,DJI_0143.JPG,D:\drone\DCIM\111MEDIA\DJI_0143.JPG,-49.34720913888889,-27.39576461111111,537.382,2026:03:01 16:18:17
111MEDIA,DJI_0144.JPG,D:\drone\DCIM\111MEDIA\DJI_0144.JPG,-49.34721022222222,-27.395763638888887,536.882,2026:03:01 16:18:19
111MEDIA,DJI_0145.JPG,D:\drone\DCIM\111MEDIA\DJI_0145.JPG,-49.34721052777778,-27.39576347222222,536.582,2026:03:01 16:18:21
111MEDIA,DJI_0146.JPG,D:\drone\DCIM\111MEDIA\DJI_0146.JPG,-49.34720911111111,-27.395763166666665,536.182,2026:03:01 16:18:23
111MEDIA,DJI_0147.JPG,D:\drone\DCIM\111MEDIA\DJI_0147.JPG,-49.347208611111114,-27.395763249999998,536.248,2026:03:01 16:18:25
111MEDIA,DJI_0148.JPG,D:\drone\DCIM\111MEDIA\DJI_0148.JPG,-49.34720852777778,-27.395763194444445,536.268,2026:03:01 16:18:27
111MEDIA,DJI_0149.JPG,D:\drone\DCIM\111MEDIA\DJI_0149.JPG,-49.34720886111111,-27.395762805555556,536.312,2026:03:01 16:18:29
111MEDIA,DJI_0150.JPG,D:\drone\DCIM\111MEDIA\DJI_0150.JPG,-49.34720905555556,-27.39576236111111,536.319,2026:03:01 16:18:31
111MEDIA,DJI_0151.JPG,D:\drone\DCIM\111MEDIA\DJI_0151.JPG,-49.347209472222225,-27.395762805555556,536.768,2026:03:01 16:18:33
111MEDIA,DJI_0152.JPG,D:\drone\DCIM\111MEDIA\DJI_0152.JPG,-49.34719722222223,-27.39576838888889,537.441,2026:03:01 16:18:35
111MEDIA,DJI_0153.JPG,D:\drone\DCIM\111MEDIA\DJI_0153.JPG,-49.347192,-27.395773444444444,537.526,2026:03:01 16:18:37
111MEDIA,DJI_0154.JPG,D:\drone\DCIM\111MEDIA\DJI_0154.JPG,-49.34718713888889,-27.3957495,535.347,2026:03:01 16:20:45
111MEDIA,DJI_0155.JPG,D:\drone\DCIM\111MEDIA\DJI_0155.JPG,-49.34718680555556,-27.395748722222223,535.347,2026:03:01 16:20:47
111MEDIA,DJI_0156.JPG,D:\drone\DCIM\111MEDIA\DJI_0156.JPG,-49.34718738888889,-27.395748444444443,535.347,2026:03:01 16:20:49
111MEDIA,DJI_0157.JPG,D:\drone\DCIM\111MEDIA\DJI_0157.JPG,-49.34718802777778,-27.395747749999998,535.347,2026:03:01 16:20:51
111MEDIA,DJI_0158.JPG,D:\drone\DCIM\111MEDIA\DJI_0158.JPG,-49.34718930555556,-27.395747416666666,535.347,2026:03:01 16:20:53
111MEDIA,DJI_0159.JPG,D:\drone\DCIM\111MEDIA\DJI_0159.JPG,-49.347189750000005,-27.395746166666665,535.347,2026:03:01 16:20:55
111MEDIA,DJI_0160.JPG,D:\drone\DCIM\111MEDIA\DJI_0160.JPG,-49.34719058333334,-27.395745305555554,535.347,2026:03:01 16:20:57
111MEDIA,DJI_0161.JPG,D:\drone\DCIM\111MEDIA\DJI_0161.JPG,-49.347190833333336,-27.395745166666668,535.347,2026:03:01 16:20:59
111MEDIA,DJI_0162.JPG,D:\drone\DCIM\111MEDIA\DJI_0162.JPG,-49.34719047222222,-27.395745166666668,535.347,2026:03:01 16:21:01
111MEDIA,DJI_0163.JPG,D:\drone\DCIM\111MEDIA\DJI_0163.JPG,-49.347190527777784,-27.39574508333333,535.347,2026:03:01 16:21:03
111MEDIA,DJI_0164.JPG,D:\drone\DCIM\111MEDIA\DJI_0164.JPG,-49.34719122222222,-27.395744527777776,535.347,2026:03:01 16:21:05
111MEDIA,DJI_0165.JPG,D:\drone\DCIM\111MEDIA\DJI_0165.JPG,-49.34719155555556,-27.39574311111111,535.347,2026:03:01 16:21:07
111MEDIA,DJI_0166.JPG,D:\drone\DCIM\111MEDIA\DJI_0166.JPG,-49.347192722222225,-27.39574288888889,535.347,2026:03:01 16:21:09
111MEDIA,DJI_0167.JPG,D:\drone\DCIM\111MEDIA\DJI_0167.JPG,-49.347192750000005,-27.39574236111111,535.347,2026:03:01 16:21:11
111MEDIA,DJI_0168.JPG,D:\drone\DCIM\111MEDIA\DJI_0168.JPG,-49.34719258333334,-27.39574247222222,535.347,2026:03:01 16:21:13
111MEDIA,DJI_0169.JPG,D:\drone\DCIM\111MEDIA\DJI_0169.JPG,-49.347192472222225,-27.395743166666666,535.347,2026:03:01 16:21:15
111MEDIA,DJI_0170.JPG,D:\drone\DCIM\111MEDIA\DJI_0170.JPG,-49.34719263888889,-27.39574236111111,535.347,2026:03:01 16:21:17
111MEDIA,DJI_0171.JPG,D:\drone\DCIM\111MEDIA\DJI_0171.JPG,-49.34719302777778,-27.395742305555554,535.547,2026:03:01 16:21:19
111MEDIA,DJI_0172.JPG,D:\drone\DCIM\111MEDIA\DJI_0172.JPG,-49.34719369444445,-27.395742,535.547,2026:03:01 16:21:21
111MEDIA,DJI_0173.JPG,D:\drone\DCIM\111MEDIA\DJI_0173.JPG,-49.347194611111114,-27.39574236111111,535.647,2026:03:01 16:21:23
111MEDIA,DJI_0174.JPG,D:\drone\DCIM\111MEDIA\DJI_0174.JPG,-49.347194916666666,-27.3957425,535.747,2026:03:01 16:21:25
111MEDIA,DJI_0175.JPG,D:\drone\DCIM\111MEDIA\DJI_0175.JPG,-49.34719533333334,-27.395742666666667,535.747,2026:03:01 16:21:27
111MEDIA,DJI_0176.JPG,D:\drone\DCIM\111MEDIA\DJI_0176.JPG,-49.34719538888889,-27.395742833333333,535.647,2026:03:01 16:21:29
111MEDIA,DJI_0177.JPG,D:\drone\DCIM\111MEDIA\DJI_0177.JPG,-49.34719566666667,-27.39574375,535.647,2026:03:01 16:21:31
111MEDIA,DJI_0178.JPG,D:\drone\DCIM\111MEDIA\DJI_0178.JPG,-49.34719233333333,-27.39575138888889,535.747,2026:03:01 16:21:33
111MEDIA,DJI_0179.JPG,D:\drone\DCIM\111MEDIA\DJI_0179.JPG,-49.34719058333334,-27.3957515,535.747,2026:03:01 16:21:35
111MEDIA,DJI_0180.JPG,D:\drone\DCIM\111MEDIA\DJI_0180.JPG,-49.347192166666666,-27.395754555555555,535.747,2026:03:01 16:21:37
111MEDIA,DJI_0181.JPG,D:\drone\DCIM\111MEDIA\DJI_0181.JPG,-49.34719191666667,-27.39575772222222,535.747,2026:03:01 16:21:39
111MEDIA,DJI_0182.JPG,D:\drone\DCIM\111MEDIA\DJI_0182.JPG,-49.34719233333333,-27.39575797222222,535.747,2026:03:01 16:21:41
111MEDIA,DJI_0183.JPG,D:\drone\DCIM\111MEDIA\DJI_0183.JPG,-49.347192194444446,-27.39575875,535.747,2026:03:01 16:21:43
111MEDIA,DJI_0184.JPG,D:\drone\DCIM\111MEDIA\DJI_0184.JPG,-49.347193250000004,-27.395759777777776,535.747,2026:03:01 16:21:45
111MEDIA,DJI_0185.JPG,D:\drone\DCIM\111MEDIA\DJI_0185.JPG,-49.34719397222222,-27.39576027777778,535.747,2026:03:01 16:21:47
111MEDIA,DJI_0186.JPG,D:\drone\DCIM\111MEDIA\DJI_0186.JPG,-49.34719447222223,-27.39576038888889,535.747,2026:03:01 16:21:49
111MEDIA,DJI_0187.JPG,D:\drone\DCIM\111MEDIA\DJI_0187.JPG,-49.347194916666666,-27.395759944444443,535.747,2026:03:01 16:21:51
111MEDIA,DJI_0188.JPG,D:\drone\DCIM\111MEDIA\DJI_0188.JPG,-49.34719541666667,-27.39575975,535.747,2026:03:01 16:21:53
111MEDIA,DJI_0189.JPG,D:\drone\DCIM\111MEDIA\DJI_0189.JPG,-49.34719552777778,-27.395759722222223,535.747,2026:03:01 16:21:55
111MEDIA,DJI_0190.JPG,D:\drone\DCIM\111MEDIA\DJI_0190.JPG,-49.34719638888889,-27.39575888888889,535.647,2026:03:01 16:21:57
111MEDIA,DJI_0191.JPG,D:\drone\DCIM\111MEDIA\DJI_0191.JPG,-49.34719669444445,-27.39575786111111,535.347,2026:03:01 16:21:59
111MEDIA,DJI_0192.JPG,D:\drone\DCIM\111MEDIA\DJI_0192.JPG,-49.34719722222223,-27.395757444444445,535.347,2026:03:01 16:22:01
111MEDIA,DJI_0193.JPG,D:\drone\DCIM\111MEDIA\DJI_0193.JPG,-49.347208611111114,-27.395752666666667,535.347,2026:03:01 16:22:03
111MEDIA,DJI_0194.JPG,D:\drone\DCIM\111MEDIA\DJI_0194.JPG,-49.347219,-27.395752833333333,535.347,2026:03:01 16:22:05
111MEDIA,DJI_0195.JPG,D:\drone\DCIM\111MEDIA\DJI_0195.JPG,-49.34722438888889,-27.395752555555553,535.347,2026:03:01 16:22:07
111MEDIA,DJI_0196.JPG,D:\drone\DCIM\111MEDIA\DJI_0196.JPG,-49.34722469444445,-27.395751916666665,535.347,2026:03:01 16:22:09
111MEDIA,DJI_0197.JPG,D:\drone\DCIM\111MEDIA\DJI_0197.JPG,-49.34722491666667,-27.39575208333333,535.347,2026:03:01 16:22:11
111MEDIA,DJI_0198.JPG,D:\drone\DCIM\111MEDIA\DJI_0198.JPG,-49.347225083333335,-27.39575288888889,535.347,2026:03:01 16:22:13
111MEDIA,DJI_0199.JPG,D:\drone\DCIM\111MEDIA\DJI_0199.JPG,-49.34722488888889,-27.395753166666665,535.347,2026:03:01 16:22:15
111MEDIA,DJI_0200.JPG,D:\drone\DCIM\111MEDIA\DJI_0200.JPG,-49.34722469444445,-27.39575288888889,535.347,2026:03:01 16:22:17
111MEDIA,DJI_0201.JPG,D:\drone\DCIM\111MEDIA\DJI_0201.JPG,-49.34722502777778,-27.395752583333334,535.347,2026:03:01 16:22:19
111MEDIA,DJI_0202.JPG,D:\drone\DCIM\111MEDIA\DJI_0202.JPG,-49.34722516666667,-27.39575211111111,535.347,2026:03:01 16:22:21
111MEDIA,DJI_0203.JPG,D:\drone\DCIM\111MEDIA\DJI_0203.JPG,-49.347224611111116,-27.395751722222222,535.347,2026:03:01 16:22:23
111MEDIA,DJI_0204.JPG,D:\drone\DCIM\111MEDIA\DJI_0204.JPG,-49.347224611111116,-27.39575163888889,535.347,2026:03:01 16:22:25
111MEDIA,DJI_0205.JPG,D:\drone\DCIM\111MEDIA\DJI_0205.JPG,-49.34722488888889,-27.395751305555557,535.347,2026:03:01 16:22:27
111MEDIA,DJI_0206.JPG,D:\drone\DCIM\111MEDIA\DJI_0206.JPG,-49.34722472222222,-27.395751194444443,535.347,2026:03:01 16:22:29
111MEDIA,DJI_0207.JPG,D:\drone\DCIM\111MEDIA\DJI_0207.JPG,-49.34722472222222,-27.39575038888889,535.347,2026:03:01 16:22:31
111MEDIA,DJI_0208.JPG,D:\drone\DCIM\111MEDIA\DJI_0208.JPG,-49.34722472222222,-27.39574922222222,535.347,2026:03:01 16:22:33
111MEDIA,DJI_0209.JPG,D:\drone\DCIM\111MEDIA\DJI_0209.JPG,-49.34722513888889,-27.39574863888889,535.547,2026:03:01 16:22:35
111MEDIA,DJI_0210.JPG,D:\drone\DCIM\111MEDIA\DJI_0210.JPG,-49.347225083333335,-27.395747749999998,535.647,2026:03:01 16:22:37
111MEDIA,DJI_0211.JPG,D:\drone\DCIM\111MEDIA\DJI_0211.JPG,-49.347225111111115,-27.395748,535.747,2026:03:01 16:22:39
111MEDIA,DJI_0212.JPG,D:\drone\DCIM\111MEDIA\DJI_0212.JPG,-49.34722491666667,-27.39574736111111,535.847,2026:03:01 16:22:41
111MEDIA,DJI_0213.JPG,D:\drone\DCIM\111MEDIA\DJI_0213.JPG,-49.34722516666667,-27.39574752777778,536.047,2026:03:01 16:22:43
111MEDIA,DJI_0214.JPG,D:\drone\DCIM\111MEDIA\DJI_0214.JPG,-49.34722627777778,-27.395747583333332,536.147,2026:03:01 16:22:45
111MEDIA,DJI_0215.JPG,D:\drone\DCIM\111MEDIA\DJI_0215.JPG,-49.34722683333334,-27.39574786111111,535.847,2026:03:01 16:22:47
111MEDIA,DJI_0216.JPG,D:\drone\DCIM\111MEDIA\DJI_0216.JPG,-49.34722613888889,-27.39574736111111,535.447,2026:03:01 16:22:49
111MEDIA,DJI_0217.JPG,D:\drone\DCIM\111MEDIA\DJI_0217.JPG,-49.347225388888894,-27.395747694444445,535.547,2026:03:01 16:22:51
111MEDIA,DJI_0218.JPG,D:\drone\DCIM\111MEDIA\DJI_0218.JPG,-49.34722527777778,-27.395747333333333,535.547,2026:03:01 16:22:53
111MEDIA,DJI_0219.JPG,D:\drone\DCIM\111MEDIA\DJI_0219.JPG,-49.34722522222223,-27.39574686111111,535.547,2026:03:01 16:22:55
111MEDIA,DJI_0220.JPG,D:\drone\DCIM\111MEDIA\DJI_0220.JPG,-49.34722463888889,-27.39574627777778,535.547,2026:03:01 16:22:57
111MEDIA,DJI_0221.JPG,D:\drone\DCIM\111MEDIA\DJI_0221.JPG,-49.34722513888889,-27.39574647222222,535.547,2026:03:01 16:22:59
111MEDIA,DJI_0222.JPG,D:\drone\DCIM\111MEDIA\DJI_0222.JPG,-49.34722530555556,-27.395746527777778,535.247,2026:03:01 16:23:01
111MEDIA,DJI_0223.JPG,D:\drone\DCIM\111MEDIA\DJI_0223.JPG,-49.34722541666667,-27.39574613888889,535.047,2026:03:01 16:23:03
111MEDIA,DJI_0224.JPG,D:\drone\DCIM\111MEDIA\DJI_0224.JPG,-49.34723,-27.39574525,535.047,2026:03:01 16:23:05
111MEDIA,DJI_0225.JPG,D:\drone\DCIM\111MEDIA\DJI_0225.JPG,-49.34723341666667,-27.39574536111111,535.047,2026:03:01 16:23:07
111MEDIA,DJI_0226.JPG,D:\drone\DCIM\111MEDIA\DJI_0226.JPG,-49.34724088888889,-27.395744222222223,535.047,2026:03:01 16:23:09
111MEDIA,DJI_0227.JPG,D:\drone\DCIM\111MEDIA\DJI_0227.JPG,-49.34725216666667,-27.3957415,535.047,2026:03:01 16:23:11
111MEDIA,DJI_0228.JPG,D:\drone\DCIM\111MEDIA\DJI_0228.JPG,-49.347260500000004,-27.395740222222223,535.047,2026:03:01 16:23:13
111MEDIA,DJI_0229.JPG,D:\drone\DCIM\111MEDIA\DJI_0229.JPG,-49.34726113888889,-27.39574136111111,535.047,2026:03:01 16:23:15
111MEDIA,DJI_0230.JPG,D:\drone\DCIM\111MEDIA\DJI_0230.JPG,-49.34726144444445,-27.395742166666665,535.047,2026:03:01 16:23:17
111MEDIA,DJI_0231.JPG,D:\drone\DCIM\111MEDIA\DJI_0231.JPG,-49.34726147222222,-27.39574272222222,535.047,2026:03:01 16:23:19
111MEDIA,DJI_0232.JPG,D:\drone\DCIM\111MEDIA\DJI_0232.JPG,-49.34726166666667,-27.39574313888889,535.047,2026:03:01 16:23:21
111MEDIA,DJI_0233.JPG,D:\drone\DCIM\111MEDIA\DJI_0233.JPG,-49.347261611111115,-27.395743055555556,535.047,2026:03:01 16:23:23
111MEDIA,DJI_0234.JPG,D:\drone\DCIM\111MEDIA\DJI_0234.JPG,-49.34726227777778,-27.395742833333333,535.047,2026:03:01 16:23:25
111MEDIA,DJI_0235.JPG,D:\drone\DCIM\111MEDIA\DJI_0235.JPG,-49.347263194444444,-27.395742333333335,535.047,2026:03:01 16:23:27
111MEDIA,DJI_0236.JPG,D:\drone\DCIM\111MEDIA\DJI_0236.JPG,-49.34726286111111,-27.39574202777778,535.047,2026:03:01 16:23:29
111MEDIA,DJI_0237.JPG,D:\drone\DCIM\111MEDIA\DJI_0237.JPG,-49.34726233333333,-27.39574202777778,535.047,2026:03:01 16:23:31
111MEDIA,DJI_0238.JPG,D:\drone\DCIM\111MEDIA\DJI_0238.JPG,-49.34726558333334,-27.395739916666667,535.047,2026:03:01 16:23:33
111MEDIA,DJI_0239.JPG,D:\drone\DCIM\111MEDIA\DJI_0239.JPG,-49.347267,-27.395740444444446,535.047,2026:03:01 16:23:35
111MEDIA,DJI_0240.JPG,D:\drone\DCIM\111MEDIA\DJI_0240.JPG,-49.347271500000005,-27.395742805555557,535.047,2026:03:01 16:23:37
111MEDIA,DJI_0241.JPG,D:\drone\DCIM\111MEDIA\DJI_0241.JPG,-49.347273722222226,-27.39574797222222,535.047,2026:03:01 16:23:39
111MEDIA,DJI_0242.JPG,D:\drone\DCIM\111MEDIA\DJI_0242.JPG,-49.347275555555555,-27.395752972222223,535.047,2026:03:01 16:23:41
111MEDIA,DJI_0243.JPG,D:\drone\DCIM\111MEDIA\DJI_0243.JPG,-49.34727636111111,-27.39575561111111,535.047,2026:03:01 16:23:43
111MEDIA,DJI_0244.JPG,D:\drone\DCIM\111MEDIA\DJI_0244.JPG,-49.347278611111115,-27.395761722222222,535.047,2026:03:01 16:23:45
111MEDIA,DJI_0245.JPG,D:\drone\DCIM\111MEDIA\DJI_0245.JPG,-49.34727775,-27.395762333333334,535.047,2026:03:01 16:23:47
111MEDIA,DJI_0246.JPG,D:\drone\DCIM\111MEDIA\DJI_0246.JPG,-49.3472795,-27.39576461111111,535.047,2026:03:01 16:23:49
111MEDIA,DJI_0247.JPG,D:\drone\DCIM\111MEDIA\DJI_0247.JPG,-49.34728147222222,-27.395772416666667,535.047,2026:03:01 16:23:51
111MEDIA,DJI_0248.JPG,D:\drone\DCIM\111MEDIA\DJI_0248.JPG,-49.34728327777778,-27.39577388888889,535.047,2026:03:01 16:23:53
111MEDIA,DJI_0249.JPG,D:\drone\DCIM\111MEDIA\DJI_0249.JPG,-49.347285194444446,-27.395774805555554,535.047,2026:03:01 16:23:55
111MEDIA,DJI_0250.JPG,D:\drone\DCIM\111MEDIA\DJI_0250.JPG,-49.34728672222222,-27.395774833333334,535.047,2026:03:01 16:23:57
111MEDIA,DJI_0251.JPG,D:\drone\DCIM\111MEDIA\DJI_0251.JPG,-49.347287111111115,-27.39577511111111,535.047,2026:03:01 16:23:59
111MEDIA,DJI_0252.JPG,D:\drone\DCIM\111MEDIA\DJI_0252.JPG,-49.34728716666667,-27.39577538888889,535.047,2026:03:01 16:24:01
111MEDIA,DJI_0253.JPG,D:\drone\DCIM\111MEDIA\DJI_0253.JPG,-49.347287666666666,-27.39577536111111,535.047,2026:03:01 16:24:03
111MEDIA,DJI_0254.JPG,D:\drone\DCIM\111MEDIA\DJI_0254.JPG,-49.34728858333334,-27.395775583333332,535.047,2026:03:01 16:24:05
111MEDIA,DJI_0255.JPG,D:\drone\DCIM\111MEDIA\DJI_0255.JPG,-49.34728841666667,-27.395774944444444,535.047,2026:03:01 16:24:07
111MEDIA,DJI_0256.JPG,D:\drone\DCIM\111MEDIA\DJI_0256.JPG,-49.347288250000005,-27.39577475,535.047,2026:03:01 16:24:09
111MEDIA,DJI_0257.JPG,D:\drone\DCIM\111MEDIA\DJI_0257.JPG,-49.34728888888889,-27.395774833333334,535.047,2026:03:01 16:24:11
111MEDIA,DJI_0258.JPG,D:\drone\DCIM\111MEDIA\DJI_0258.JPG,-49.34728922222222,-27.395776166666668,535.047,2026:03:01 16:24:13
111MEDIA,DJI_0259.JPG,D:\drone\DCIM\111MEDIA\DJI_0259.JPG,-49.347289,-27.395788694444445,535.047,2026:03:01 16:24:15
111MEDIA,DJI_0260.JPG,D:\drone\DCIM\111MEDIA\DJI_0260.JPG,-49.347289555555555,-27.39579825,535.047,2026:03:01 16:24:18
111MEDIA,DJI_0261.JPG,D:\drone\DCIM\111MEDIA\DJI_0261.JPG,-49.34728947222222,-27.395801694444444,535.047,2026:03:01 16:24:19
111MEDIA,DJI_0262.JPG,D:\drone\DCIM\111MEDIA\DJI_0262.JPG,-49.347289,-27.39580175,535.047,2026:03:01 16:24:21
111MEDIA,DJI_0263.JPG,D:\drone\DCIM\111MEDIA\DJI_0263.JPG,-49.34728944444445,-27.395803,535.047,2026:03:01 16:24:23
111MEDIA,DJI_0264.JPG,D:\drone\DCIM\111MEDIA\DJI_0264.JPG,-49.347289333333336,-27.395803527777776,535.047,2026:03:01 16:24:25
111MEDIA,DJI_0265.JPG,D:\drone\DCIM\111MEDIA\DJI_0265.JPG,-49.347290111111114,-27.395802694444445,535.047,2026:03:01 16:24:27
111MEDIA,DJI_0266.JPG,D:\drone\DCIM\111MEDIA\DJI_0266.JPG,-49.34729102777778,-27.395802361111112,535.047,2026:03:01 16:24:29
111MEDIA,DJI_0267.JPG,D:\drone\DCIM\111MEDIA\DJI_0267.JPG,-49.34729127777778,-27.39580311111111,535.047,2026:03:01 16:24:31
111MEDIA,DJI_0268.JPG,D:\drone\DCIM\111MEDIA\DJI_0268.JPG,-49.34729191666667,-27.39580311111111,535.047,2026:03:01 16:24:33
111MEDIA,DJI_0269.JPG,D:\drone\DCIM\111MEDIA\DJI_0269.JPG,-49.34729238888889,-27.395804138888888,535.047,2026:03:01 16:24:35
111MEDIA,DJI_0270.JPG,D:\drone\DCIM\111MEDIA\DJI_0270.JPG,-49.347293750000006,-27.395804,535.047,2026:03:01 16:24:37
111MEDIA,DJI_0271.JPG,D:\drone\DCIM\111MEDIA\DJI_0271.JPG,-49.34729436111111,-27.39580411111111,535.047,2026:03:01 16:24:39
111MEDIA,DJI_0272.JPG,D:\drone\DCIM\111MEDIA\DJI_0272.JPG,-49.34729463888889,-27.395804194444445,535.047,2026:03:01 16:24:41
111MEDIA,DJI_0273.JPG,D:\drone\DCIM\111MEDIA\DJI_0273.JPG,-49.347295111111116,-27.395804,535.047,2026:03:01 16:24:43
111MEDIA,DJI_0274.JPG,D:\drone\DCIM\111MEDIA\DJI_0274.JPG,-49.34729541666667,-27.395804138888888,535.047,2026:03:01 16:24:45
111MEDIA,DJI_0275.JPG,D:\drone\DCIM\111MEDIA\DJI_0275.JPG,-49.34729497222222,-27.39580488888889,535.047,2026:03:01 16:24:47
111MEDIA,DJI_0276.JPG,D:\drone\DCIM\111MEDIA\DJI_0276.JPG,-49.34729519444445,-27.395805944444444,535.047,2026:03:01 16:24:49
111MEDIA,DJI_0277.JPG,D:\drone\DCIM\111MEDIA\DJI_0277.JPG,-49.347295361111115,-27.39580788888889,535.047,2026:03:01 16:24:51
111MEDIA,DJI_0278.JPG,D:\drone\DCIM\111MEDIA\DJI_0278.JPG,-49.34729502777778,-27.395808638888887,535.047,2026:03:01 16:24:53
111MEDIA,DJI_0279.JPG,D:\drone\DCIM\111MEDIA\DJI_0279.JPG,-49.34729494444445,-27.395808194444445,535.047,2026:03:01 16:24:55
111MEDIA,DJI_0280.JPG,D:\drone\DCIM\111MEDIA\DJI_0280.JPG,-49.34729402777778,-27.39580833333333,535.047,2026:03:01 16:24:57
111MEDIA,DJI_0281.JPG,D:\drone\DCIM\111MEDIA\DJI_0281.JPG,-49.347299722222225,-27.395821138888888,535.047,2026:03:01 16:24:59
111MEDIA,DJI_0282.JPG,D:\drone\DCIM\111MEDIA\DJI_0282.JPG,-49.34730252777778,-27.39583797222222,535.047,2026:03:01 16:25:01
111MEDIA,DJI_0283.JPG,D:\drone\DCIM\111MEDIA\DJI_0283.JPG,-49.34730175,-27.395838555555557,535.047,2026:03:01 16:25:03
111MEDIA,DJI_0284.JPG,D:\drone\DCIM\111MEDIA\DJI_0284.JPG,-49.34730158333333,-27.39583922222222,535.047,2026:03:01 16:25:05
111MEDIA,DJI_0285.JPG,D:\drone\DCIM\111MEDIA\DJI_0285.JPG,-49.347301972222226,-27.39583988888889,535.047,2026:03:01 16:25:07
111MEDIA,DJI_0286.JPG,D:\drone\DCIM\111MEDIA\DJI_0286.JPG,-49.34730141666667,-27.395840277777776,535.047,2026:03:01 16:25:09
111MEDIA,DJI_0287.JPG,D:\drone\DCIM\111MEDIA\DJI_0287.JPG,-49.34730233333334,-27.39584025,535.047,2026:03:01 16:25:11
111MEDIA,DJI_0288.JPG,D:\drone\DCIM\111MEDIA\DJI_0288.JPG,-49.34730294444444,-27.39583975,535.047,2026:03:01 16:25:13
111MEDIA,DJI_0289.JPG,D:\drone\DCIM\111MEDIA\DJI_0289.JPG,-49.34730294444444,-27.395839638888887,535.047,2026:03:01 16:25:15
111MEDIA,DJI_0290.JPG,D:\drone\DCIM\111MEDIA\DJI_0290.JPG,-49.34730283333334,-27.395840277777776,535.047,2026:03:01 16:25:17
111MEDIA,DJI_0291.JPG,D:\drone\DCIM\111MEDIA\DJI_0291.JPG,-49.34730213888889,-27.395840472222222,535.047,2026:03:01 16:25:19
111MEDIA,DJI_0292.JPG,D:\drone\DCIM\111MEDIA\DJI_0292.JPG,-49.34730252777778,-27.395840916666668,535.047,2026:03:01 16:25:21
111MEDIA,DJI_0293.JPG,D:\drone\DCIM\111MEDIA\DJI_0293.JPG,-49.34730258333334,-27.395841472222223,535.047,2026:03:01 16:25:23
111MEDIA,DJI_0294.JPG,D:\drone\DCIM\111MEDIA\DJI_0294.JPG,-49.34730183333333,-27.39584197222222,535.047,2026:03:01 16:25:25
111MEDIA,DJI_0295.JPG,D:\drone\DCIM\111MEDIA\DJI_0295.JPG,-49.347301972222226,-27.39584202777778,535.047,2026:03:01 16:25:27
111MEDIA,DJI_0296.JPG,D:\drone\DCIM\111MEDIA\DJI_0296.JPG,-49.347301611111114,-27.395842416666667,535.047,2026:03:01 16:25:29
111MEDIA,DJI_0297.JPG,D:\drone\DCIM\111MEDIA\DJI_0297.JPG,-49.34730052777778,-27.395842722222223,535.047,2026:03:01 16:25:31
111MEDIA,DJI_0298.JPG,D:\drone\DCIM\111MEDIA\DJI_0298.JPG,-49.347300611111116,-27.39584236111111,535.047,2026:03:01 16:25:33
111MEDIA,DJI_0299.JPG,D:\drone\DCIM\111MEDIA\DJI_0299.JPG,-49.34730122222223,-27.395841944444445,535.047,2026:03:01 16:25:35
111MEDIA,DJI_0300.JPG,D:\drone\DCIM\111MEDIA\DJI_0300.JPG,-49.34730166666667,-27.395842277777778,535.047,2026:03:01 16:25:37
111MEDIA,DJI_0301.JPG,D:\drone\DCIM\111MEDIA\DJI_0301.JPG,-49.34730119444445,-27.395842805555557,535.047,2026:03:01 16:25:39
111MEDIA,DJI_0302.JPG,D:\drone\DCIM\111MEDIA\DJI_0302.JPG,-49.34730125,-27.395843444444445,535.047,2026:03:01 16:25:41
111MEDIA,DJI_0303.JPG,D:\drone\DCIM\111MEDIA\DJI_0303.JPG,-49.34730144444445,-27.395843694444444,535.047,2026:03:01 16:25:43
111MEDIA,DJI_0304.JPG,D:\drone\DCIM\111MEDIA\DJI_0304.JPG,-49.34730213888889,-27.395844027777777,535.047,2026:03:01 16:25:45
111MEDIA,DJI_0305.JPG,D:\drone\DCIM\111MEDIA\DJI_0305.JPG,-49.34730308333334,-27.395844,535.047,2026:03:01 16:25:47
111MEDIA,DJI_0306.JPG,D:\drone\DCIM\111MEDIA\DJI_0306.JPG,-49.34730363888889,-27.395844166666667,535.047,2026:03:01 16:25:49
111MEDIA,DJI_0307.JPG,D:\drone\DCIM\111MEDIA\DJI_0307.JPG,-49.34730419444445,-27.39584386111111,535.047,2026:03:01 16:25:51
111MEDIA,DJI_0308.JPG,D:\drone\DCIM\111MEDIA\DJI_0308.JPG,-49.34730463888889,-27.395843499999998,535.047,2026:03:01 16:25:53
111MEDIA,DJI_0309.JPG,D:\drone\DCIM\111MEDIA\DJI_0309.JPG,-49.347305194444445,-27.395845583333333,535.047,2026:03:01 16:25:55
111MEDIA,DJI_0310.JPG,D:\drone\DCIM\111MEDIA\DJI_0310.JPG,-49.34730836111111,-27.395855305555553,535.047,2026:03:01 16:25:57
111MEDIA,DJI_0311.JPG,D:\drone\DCIM\111MEDIA\DJI_0311.JPG,-49.34731280555556,-27.395866694444443,535.047,2026:03:01 16:25:59
111MEDIA,DJI_0312.JPG,D:\drone\DCIM\111MEDIA\DJI_0312.JPG,-49.34731402777778,-27.39587427777778,535.047,2026:03:01 16:26:01
111MEDIA,DJI_0313.JPG,D:\drone\DCIM\111MEDIA\DJI_0313.JPG,-49.34731411111111,-27.395874555555555,535.047,2026:03:01 16:26:03
111MEDIA,DJI_0314.JPG,D:\drone\DCIM\111MEDIA\DJI_0314.JPG,-49.34731416666667,-27.395875444444442,535.047,2026:03:01 16:26:05
111MEDIA,DJI_0315.JPG,D:\drone\DCIM\111MEDIA\DJI_0315.JPG,-49.34731333333333,-27.395875888888888,535.047,2026:03:01 16:26:07
111MEDIA,DJI_0316.JPG,D:\drone\DCIM\111MEDIA\DJI_0316.JPG,-49.347312611111114,-27.395875472222222,535.047,2026:03:01 16:26:09
111MEDIA,DJI_0317.JPG,D:\drone\DCIM\111MEDIA\DJI_0317.JPG,-49.347311805555556,-27.395875472222222,535.047,2026:03:01 16:26:11
111MEDIA,DJI_0318.JPG,D:\drone\DCIM\111MEDIA\DJI_0318.JPG,-49.34731111111111,-27.395876083333334,535.047,2026:03:01 16:26:13
111MEDIA,DJI_0319.JPG,D:\drone\DCIM\111MEDIA\DJI_0319.JPG,-49.34731091666667,-27.395876666666666,535.047,2026:03:01 16:26:15
111MEDIA,DJI_0320.JPG,D:\drone\DCIM\111MEDIA\DJI_0320.JPG,-49.347310472222226,-27.3958775,535.047,2026:03:01 16:26:17
111MEDIA,DJI_0321.JPG,D:\drone\DCIM\111MEDIA\DJI_0321.JPG,-49.34730944444445,-27.395877638888887,535.047,2026:03:01 16:26:19
111MEDIA,DJI_0322.JPG,D:\drone\DCIM\111MEDIA\DJI_0322.JPG,-49.34730894444445,-27.395877944444443,535.047,2026:03:01 16:26:21
111MEDIA,DJI_0323.JPG,D:\drone\DCIM\111MEDIA\DJI_0323.JPG,-49.347309111111116,-27.39587813888889,535.047,2026:03:01 16:26:23
111MEDIA,DJI_0324.JPG,D:\drone\DCIM\111MEDIA\DJI_0324.JPG,-49.347309111111116,-27.395878777777778,535.047,2026:03:01 16:26:25
111MEDIA,DJI_0325.JPG,D:\drone\DCIM\111MEDIA\DJI_0325.JPG,-49.34730922222222,-27.39587925,535.047,2026:03:01 16:26:27
111MEDIA,DJI_0326.JPG,D:\drone\DCIM\111MEDIA\DJI_0326.JPG,-49.34730855555556,-27.395880555555554,535.047,2026:03:01 16:26:29
111MEDIA,DJI_0327.JPG,D:\drone\DCIM\111MEDIA\DJI_0327.JPG,-49.34730788888889,-27.395881638888888,535.047,2026:03:01 16:26:31
111MEDIA,DJI_0328.JPG,D:\drone\DCIM\111MEDIA\DJI_0328.JPG,-49.34730761111111,-27.395882,535.047,2026:03:01 16:26:33
111MEDIA,DJI_0329.JPG,D:\drone\DCIM\111MEDIA\DJI_0329.JPG,-49.34730697222223,-27.395882805555555,535.047,2026:03:01 16:26:35
111MEDIA,DJI_0330.JPG,D:\drone\DCIM\111MEDIA\DJI_0330.JPG,-49.347307138888894,-27.395882416666666,535.047,2026:03:01 16:26:37
111MEDIA,DJI_0331.JPG,D:\drone\DCIM\111MEDIA\DJI_0331.JPG,-49.34730780555556,-27.395882333333333,535.047,2026:03:01 16:26:39
111MEDIA,DJI_0332.JPG,D:\drone\DCIM\111MEDIA\DJI_0332.JPG,-49.347307694444446,-27.3958825,535.047,2026:03:01 16:26:41
111MEDIA,DJI_0333.JPG,D:\drone\DCIM\111MEDIA\DJI_0333.JPG,-49.347306611111115,-27.395882583333332,535.047,2026:03:01 16:26:43
111MEDIA,DJI_0334.JPG,D:\drone\DCIM\111MEDIA\DJI_0334.JPG,-49.347306833333334,-27.395882666666665,535.047,2026:03:01 16:26:45
111MEDIA,DJI_0335.JPG,D:\drone\DCIM\111MEDIA\DJI_0335.JPG,-49.347306888888895,-27.39588286111111,535.047,2026:03:01 16:26:47
111MEDIA,DJI_0336.JPG,D:\drone\DCIM\111MEDIA\DJI_0336.JPG,-49.347306888888895,-27.395882444444442,535.047,2026:03:01 16:26:49
111MEDIA,DJI_0337.JPG,D:\drone\DCIM\111MEDIA\DJI_0337.JPG,-49.34730763888889,-27.395881777777777,535.047,2026:03:01 16:26:51
111MEDIA,DJI_0338.JPG,D:\drone\DCIM\111MEDIA\DJI_0338.JPG,-49.34730758333333,-27.395881555555555,535.047,2026:03:01 16:26:53
111MEDIA,DJI_0339.JPG,D:\drone\DCIM\111MEDIA\DJI_0339.JPG,-49.34730755555556,-27.395881694444444,535.047,2026:03:01 16:26:55
111MEDIA,DJI_0340.JPG,D:\drone\DCIM\111MEDIA\DJI_0340.JPG,-49.34730694444445,-27.39588175,535.047,2026:03:01 16:26:57
111MEDIA,DJI_0341.JPG,D:\drone\DCIM\111MEDIA\DJI_0341.JPG,-49.347306555555555,-27.395881888888887,535.047,2026:03:01 16:26:59
111MEDIA,DJI_0342.JPG,D:\drone\DCIM\111MEDIA\DJI_0342.JPG,-49.347306833333334,-27.395882166666667,535.047,2026:03:01 16:27:01
111MEDIA,DJI_0343.JPG,D:\drone\DCIM\111MEDIA\DJI_0343.JPG,-49.347307,-27.395882666666665,535.247,2026:03:01 16:27:03
111MEDIA,DJI_0344.JPG,D:\drone\DCIM\111MEDIA\DJI_0344.JPG,-49.34730616666667,-27.39588311111111,535.947,2026:03:01 16:27:05
111MEDIA,DJI_0345.JPG,D:\drone\DCIM\111MEDIA\DJI_0345.JPG,-49.34730627777778,-27.395882305555556,535.947,2026:03:01 16:27:07
111MEDIA,DJI_0346.JPG,D:\drone\DCIM\111MEDIA\DJI_0346.JPG,-49.347306361111116,-27.39588197222222,535.947,2026:03:01 16:27:09
111MEDIA,DJI_0347.JPG,D:\drone\DCIM\111MEDIA\DJI_0347.JPG,-49.34730694444445,-27.395882666666665,535.947,2026:03:01 16:27:11
111MEDIA,DJI_0348.JPG,D:\drone\DCIM\111MEDIA\DJI_0348.JPG,-49.347307,-27.39588347222222,535.947,2026:03:01 16:27:13
111MEDIA,DJI_0349.JPG,D:\drone\DCIM\111MEDIA\DJI_0349.JPG,-49.34730747222223,-27.395883833333333,535.947,2026:03:01 16:27:15
111MEDIA,DJI_0350.JPG,D:\drone\DCIM\111MEDIA\DJI_0350.JPG,-49.34730666666667,-27.39588422222222,535.947,2026:03:01 16:27:17
111MEDIA,DJI_0351.JPG,D:\drone\DCIM\111MEDIA\DJI_0351.JPG,-49.34730622222222,-27.395884444444444,535.947,2026:03:01 16:27:19
111MEDIA,DJI_0352.JPG,D:\drone\DCIM\111MEDIA\DJI_0352.JPG,-49.34730580555556,-27.395884416666668,535.947,2026:03:01 16:27:21
111MEDIA,DJI_0353.JPG,D:\drone\DCIM\111MEDIA\DJI_0353.JPG,-49.347306361111116,-27.39588422222222,535.947,2026:03:01 16:27:23
111MEDIA,DJI_0354.JPG,D:\drone\DCIM\111MEDIA\DJI_0354.JPG,-49.3473065,-27.39588427777778,535.947,2026:03:01 16:27:25
111MEDIA,DJI_0355.JPG,D:\drone\DCIM\111MEDIA\DJI_0355.JPG,-49.347306083333336,-27.39588427777778,535.947,2026:03:01 16:27:27
111MEDIA,DJI_0356.JPG,D:\drone\DCIM\111MEDIA\DJI_0356.JPG,-49.34730552777778,-27.395885166666666,535.947,2026:03:01 16:27:30
111MEDIA,DJI_0357.JPG,D:\drone\DCIM\111MEDIA\DJI_0357.JPG,-49.34730458333333,-27.395885416666665,535.947,2026:03:01 16:27:31
111MEDIA,DJI_0358.JPG,D:\drone\DCIM\111MEDIA\DJI_0358.JPG,-49.34730391666667,-27.395885749999998,535.947,2026:03:01 16:27:33
111MEDIA,DJI_0359.JPG,D:\drone\DCIM\111MEDIA\DJI_0359.JPG,-49.34730394444445,-27.395885472222222,536.247,2026:03:01 16:27:35
111MEDIA,DJI_0360.JPG,D:\drone\DCIM\111MEDIA\DJI_0360.JPG,-49.34730416666667,-27.39588563888889,536.347,2026:03:01 16:27:37
111MEDIA,DJI_0361.JPG,D:\drone\DCIM\111MEDIA\DJI_0361.JPG,-49.34730463888889,-27.395884944444443,536.347,2026:03:01 16:27:39
111MEDIA,DJI_0362.JPG,D:\drone\DCIM\111MEDIA\DJI_0362.JPG,-49.34730813888889,-27.39588838888889,536.347,2026:03:01 16:27:41
111MEDIA,DJI_0363.JPG,D:\drone\DCIM\111MEDIA\DJI_0363.JPG,-49.34731061111111,-27.39590725,536.347,2026:03:01 16:27:43
111MEDIA,DJI_0364.JPG,D:\drone\DCIM\111MEDIA\DJI_0364.JPG,-49.34730761111111,-27.39590925,536.347,2026:03:01 16:27:45
111MEDIA,DJI_0365.JPG,D:\drone\DCIM\111MEDIA\DJI_0365.JPG,-49.34730788888889,-27.395909944444444,536.347,2026:03:01 16:27:47
111MEDIA,DJI_0366.JPG,D:\drone\DCIM\111MEDIA\DJI_0366.JPG,-49.34730838888889,-27.395910555555556,536.347,2026:03:01 16:27:49
111MEDIA,DJI_0367.JPG,D:\drone\DCIM\111MEDIA\DJI_0367.JPG,-49.34730841666667,-27.39591163888889,536.347,2026:03:01 16:27:51
111MEDIA,DJI_0368.JPG,D:\drone\DCIM\111MEDIA\DJI_0368.JPG,-49.34730883333334,-27.395912583333335,536.247,2026:03:01 16:27:53
111MEDIA,DJI_0369.JPG,D:\drone\DCIM\111MEDIA\DJI_0369.JPG,-49.347308472222224,-27.395912805555554,536.347,2026:03:01 16:27:55
111MEDIA,DJI_0370.JPG,D:\drone\DCIM\111MEDIA\DJI_0370.JPG,-49.34730758333333,-27.395912888888887,536.347,2026:03:01 16:27:57
111MEDIA,DJI_0371.JPG,D:\drone\DCIM\111MEDIA\DJI_0371.JPG,-49.3473075,-27.39591311111111,536.347,2026:03:01 16:27:59
111MEDIA,DJI_0372.JPG,D:\drone\DCIM\111MEDIA\DJI_0372.JPG,-49.347308000000005,-27.39591297222222,536.347,2026:03:01 16:28:01
111MEDIA,DJI_0373.JPG,D:\drone\DCIM\111MEDIA\DJI_0373.JPG,-49.34730816666667,-27.395912305555555,536.347,2026:03:01 16:28:03
111MEDIA,DJI_0374.JPG,D:\drone\DCIM\111MEDIA\DJI_0374.JPG,-49.34730863888889,-27.395912111111112,536.347,2026:03:01 16:28:05
111MEDIA,DJI_0375.JPG,D:\drone\DCIM\111MEDIA\DJI_0375.JPG,-49.34730980555556,-27.395911388888887,536.347,2026:03:01 16:28:07
111MEDIA,DJI_0376.JPG,D:\drone\DCIM\111MEDIA\DJI_0376.JPG,-49.34731066666667,-27.395910583333333,536.347,2026:03:01 16:28:09
111MEDIA,DJI_0377.JPG,D:\drone\DCIM\111MEDIA\DJI_0377.JPG,-49.34731163888889,-27.39590938888889,536.347,2026:03:01 16:28:11
111MEDIA,DJI_0378.JPG,D:\drone\DCIM\111MEDIA\DJI_0378.JPG,-49.34731277777778,-27.395908277777778,536.347,2026:03:01 16:28:13
111MEDIA,DJI_0379.JPG,D:\drone\DCIM\111MEDIA\DJI_0379.JPG,-49.34731333333333,-27.395908249999998,536.447,2026:03:01 16:28:15
111MEDIA,DJI_0380.JPG,D:\drone\DCIM\111MEDIA\DJI_0380.JPG,-49.34731338888889,-27.395909,536.647,2026:03:01 16:28:17
111MEDIA,DJI_0381.JPG,D:\drone\DCIM\111MEDIA\DJI_0381.JPG,-49.347313722222225,-27.3959095,536.847,2026:03:01 16:28:19
111MEDIA,DJI_0382.JPG,D:\drone\DCIM\111MEDIA\DJI_0382.JPG,-49.34731430555556,-27.395909222222222,537.047,2026:03:01 16:28:21
111MEDIA,DJI_0383.JPG,D:\drone\DCIM\111MEDIA\DJI_0383.JPG,-49.34731497222222,-27.39590802777778,537.147,2026:03:01 16:28:23
111MEDIA,DJI_0384.JPG,D:\drone\DCIM\111MEDIA\DJI_0384.JPG,-49.34731466666667,-27.395907722222223,536.647,2026:03:01 16:28:25
111MEDIA,DJI_0385.JPG,D:\drone\DCIM\111MEDIA\DJI_0385.JPG,-49.34731436111112,-27.395908666666667,536.047,2026:03:01 16:28:27
111MEDIA,DJI_0386.JPG,D:\drone\DCIM\111MEDIA\DJI_0386.JPG,-49.34731463888889,-27.39590925,536.047,2026:03:01 16:28:29
111MEDIA,DJI_0387.JPG,D:\drone\DCIM\111MEDIA\DJI_0387.JPG,-49.34731377777778,-27.395911777777776,536.047,2026:03:01 16:28:31
111MEDIA,DJI_0388.JPG,D:\drone\DCIM\111MEDIA\DJI_0388.JPG,-49.347313500000006,-27.39591372222222,536.047,2026:03:01 16:28:33
111MEDIA,DJI_0389.JPG,D:\drone\DCIM\111MEDIA\DJI_0389.JPG,-49.34731305555556,-27.395913916666665,536.047,2026:03:01 16:28:35
111MEDIA,DJI_0390.JPG,D:\drone\DCIM\111MEDIA\DJI_0390.JPG,-49.34731277777778,-27.395915055555555,536.047,2026:03:01 16:28:37
111MEDIA,DJI_0391.JPG,D:\drone\DCIM\111MEDIA\DJI_0391.JPG,-49.347312611111114,-27.395915972222223,536.047,2026:03:01 16:28:39
111MEDIA,DJI_0392.JPG,D:\drone\DCIM\111MEDIA\DJI_0392.JPG,-49.34731269444445,-27.395915638888887,536.147,2026:03:01 16:28:41
111MEDIA,DJI_0393.JPG,D:\drone\DCIM\111MEDIA\DJI_0393.JPG,-49.347312888888894,-27.395915666666667,536.247,2026:03:01 16:28:43
111MEDIA,DJI_0394.JPG,D:\drone\DCIM\111MEDIA\DJI_0394.JPG,-49.34731266666667,-27.395915277777778,536.347,2026:03:01 16:28:45
111MEDIA,DJI_0395.JPG,D:\drone\DCIM\111MEDIA\DJI_0395.JPG,-49.34731341666667,-27.395914944444446,536.447,2026:03:01 16:28:47
111MEDIA,DJI_0396.JPG,D:\drone\DCIM\111MEDIA\DJI_0396.JPG,-49.34731308333333,-27.39591572222222,536.647,2026:03:01 16:28:49
111MEDIA,DJI_0397.JPG,D:\drone\DCIM\111MEDIA\DJI_0397.JPG,-49.347312861111114,-27.395915972222223,536.747,2026:03:01 16:28:51
111MEDIA,DJI_0398.JPG,D:\drone\DCIM\111MEDIA\DJI_0398.JPG,-49.34731275,-27.3959165,536.147,2026:03:01 16:28:53
111MEDIA,DJI_0399.JPG,D:\drone\DCIM\111MEDIA\DJI_0399.JPG,-49.347311194444444,-27.39591875,535.947,2026:03:01 16:28:55
111MEDIA,DJI_0400.JPG,D:\drone\DCIM\111MEDIA\DJI_0400.JPG,-49.34730736111111,-27.395935305555554,535.947,2026:03:01 16:28:57
111MEDIA,DJI_0401.JPG,D:\drone\DCIM\111MEDIA\DJI_0401.JPG,-49.347306083333336,-27.395937916666668,535.947,2026:03:01 16:28:59
111MEDIA,DJI_0402.JPG,D:\drone\DCIM\111MEDIA\DJI_0402.JPG,-49.34730675,-27.395938833333332,535.947,2026:03:01 16:29:01
111MEDIA,DJI_0403.JPG,D:\drone\DCIM\111MEDIA\DJI_0403.JPG,-49.347307,-27.395939138888888,535.947,2026:03:01 16:29:03
111MEDIA,DJI_0404.JPG,D:\drone\DCIM\111MEDIA\DJI_0404.JPG,-49.34730719444445,-27.39593875,535.947,2026:03:01 16:29:05
111MEDIA,DJI_0405.JPG,D:\drone\DCIM\111MEDIA\DJI_0405.JPG,-49.34730872222222,-27.395939138888888,535.947,2026:03:01 16:29:07
111MEDIA,DJI_0406.JPG,D:\drone\DCIM\111MEDIA\DJI_0406.JPG,-49.347309111111116,-27.395939194444445,535.947,2026:03:01 16:29:09
111MEDIA,DJI_0407.JPG,D:\drone\DCIM\111MEDIA\DJI_0407.JPG,-49.347309583333335,-27.395938722222223,535.947,2026:03:01 16:29:11
111MEDIA,DJI_0408.JPG,D:\drone\DCIM\111MEDIA\DJI_0408.JPG,-49.34731016666667,-27.395939333333335,535.847,2026:03:01 16:29:13
111MEDIA,DJI_0409.JPG,D:\drone\DCIM\111MEDIA\DJI_0409.JPG,-49.347310972222225,-27.395939,535.847,2026:03:01 16:29:15
111MEDIA,DJI_0410.JPG,D:\drone\DCIM\111MEDIA\DJI_0410.JPG,-49.34731127777778,-27.395938583333333,535.847,2026:03:01 16:29:17
111MEDIA,DJI_0411.JPG,D:\drone\DCIM\111MEDIA\DJI_0411.JPG,-49.34731197222222,-27.39593811111111,535.847,2026:03:01 16:29:19
111MEDIA,DJI_0412.JPG,D:\drone\DCIM\111MEDIA\DJI_0412.JPG,-49.34731163888889,-27.395938,535.847,2026:03:01 16:29:21
111MEDIA,DJI_0413.JPG,D:\drone\DCIM\111MEDIA\DJI_0413.JPG,-49.34731105555556,-27.395938083333334,535.847,2026:03:01 16:29:23
111MEDIA,DJI_0414.JPG,D:\drone\DCIM\111MEDIA\DJI_0414.JPG,-49.34731108333334,-27.39593875,535.847,2026:03:01 16:29:25
111MEDIA,DJI_0415.JPG,D:\drone\DCIM\111MEDIA\DJI_0415.JPG,-49.34731091666667,-27.39593875,535.947,2026:03:01 16:29:27
111MEDIA,DJI_0416.JPG,D:\drone\DCIM\111MEDIA\DJI_0416.JPG,-49.347310750000005,-27.395938,535.947,2026:03:01 16:29:29
111MEDIA,DJI_0417.JPG,D:\drone\DCIM\111MEDIA\DJI_0417.JPG,-49.34731086111111,-27.395938472222223,535.847,2026:03:01 16:29:31
111MEDIA,DJI_0418.JPG,D:\drone\DCIM\111MEDIA\DJI_0418.JPG,-49.34731130555556,-27.39593811111111,535.847,2026:03:01 16:29:33
111MEDIA,DJI_0419.JPG,D:\drone\DCIM\111MEDIA\DJI_0419.JPG,-49.34731111111111,-27.395937944444444,535.847,2026:03:01 16:29:35
111MEDIA,DJI_0420.JPG,D:\drone\DCIM\111MEDIA\DJI_0420.JPG,-49.347311527777784,-27.395937194444443,535.847,2026:03:01 16:29:37
111MEDIA,DJI_0421.JPG,D:\drone\DCIM\111MEDIA\DJI_0421.JPG,-49.347311000000005,-27.395937944444444,535.947,2026:03:01 16:29:39
111MEDIA,DJI_0422.JPG,D:\drone\DCIM\111MEDIA\DJI_0422.JPG,-49.34731,-27.395938972222222,535.847,2026:03:01 16:29:41
111MEDIA,DJI_0423.JPG,D:\drone\DCIM\111MEDIA\DJI_0423.JPG,-49.34732344444445,-27.395969527777776,535.947,2026:03:01 16:29:43
111MEDIA,DJI_0424.JPG,D:\drone\DCIM\111MEDIA\DJI_0424.JPG,-49.34732397222223,-27.39598413888889,535.947,2026:03:01 16:29:45
111MEDIA,DJI_0425.JPG,D:\drone\DCIM\111MEDIA\DJI_0425.JPG,-49.34732516666667,-27.395983916666665,535.947,2026:03:01 16:29:47
111MEDIA,DJI_0426.JPG,D:\drone\DCIM\111MEDIA\DJI_0426.JPG,-49.34732733333333,-27.395983305555553,535.947,2026:03:01 16:29:49
111MEDIA,DJI_0427.JPG,D:\drone\DCIM\111MEDIA\DJI_0427.JPG,-49.34732644444445,-27.3959825,535.947,2026:03:01 16:29:51
111MEDIA,DJI_0428.JPG,D:\drone\DCIM\111MEDIA\DJI_0428.JPG,-49.34732669444445,-27.395982277777776,535.947,2026:03:01 16:29:53
111MEDIA,DJI_0429.JPG,D:\drone\DCIM\111MEDIA\DJI_0429.JPG,-49.34732644444445,-27.395981888888887,535.947,2026:03:01 16:29:55
111MEDIA,DJI_0430.JPG,D:\drone\DCIM\111MEDIA\DJI_0430.JPG,-49.34732652777778,-27.395981305555555,535.947,2026:03:01 16:29:57
111MEDIA,DJI_0431.JPG,D:\drone\DCIM\111MEDIA\DJI_0431.JPG,-49.34732680555556,-27.39598063888889,535.947,2026:03:01 16:29:59
111MEDIA,DJI_0432.JPG,D:\drone\DCIM\111MEDIA\DJI_0432.JPG,-49.34732730555556,-27.395980944444442,535.947,2026:03:01 16:30:01
111MEDIA,DJI_0433.JPG,D:\drone\DCIM\111MEDIA\DJI_0433.JPG,-49.34732763888889,-27.395980972222223,535.947,2026:03:01 16:30:03
111MEDIA,DJI_0434.JPG,D:\drone\DCIM\111MEDIA\DJI_0434.JPG,-49.347327444444446,-27.39598113888889,535.947,2026:03:01 16:30:05
111MEDIA,DJI_0435.JPG,D:\drone\DCIM\111MEDIA\DJI_0435.JPG,-49.347327472222226,-27.395981305555555,535.947,2026:03:01 16:30:07
111MEDIA,DJI_0436.JPG,D:\drone\DCIM\111MEDIA\DJI_0436.JPG,-49.34732669444445,-27.39598161111111,536.047,2026:03:01 16:30:09
111MEDIA,DJI_0437.JPG,D:\drone\DCIM\111MEDIA\DJI_0437.JPG,-49.347326611111114,-27.39598225,536.747,2026:03:01 16:30:11
111MEDIA,DJI_0438.JPG,D:\drone\DCIM\111MEDIA\DJI_0438.JPG,-49.347325861111116,-27.395982055555557,536.447,2026:03:01 16:30:13
111MEDIA,DJI_0439.JPG,D:\drone\DCIM\111MEDIA\DJI_0439.JPG,-49.347325833333336,-27.39598175,536.447,2026:03:01 16:30:15
111MEDIA,DJI_0440.JPG,D:\drone\DCIM\111MEDIA\DJI_0440.JPG,-49.347325500000004,-27.395982305555556,536.647,2026:03:01 16:30:17
111MEDIA,DJI_0441.JPG,D:\drone\DCIM\111MEDIA\DJI_0441.JPG,-49.34732577777778,-27.395983055555554,536.747,2026:03:01 16:30:19
111MEDIA,DJI_0442.JPG,D:\drone\DCIM\111MEDIA\DJI_0442.JPG,-49.347326111111116,-27.395983027777778,535.947,2026:03:01 16:30:21
111MEDIA,DJI_0443.JPG,D:\drone\DCIM\111MEDIA\DJI_0443.JPG,-49.34732680555556,-27.395982888888888,535.847,2026:03:01 16:30:23
111MEDIA,DJI_0444.JPG,D:\drone\DCIM\111MEDIA\DJI_0444.JPG,-49.34732622222222,-27.395983055555554,535.847,2026:03:01 16:30:25
111MEDIA,DJI_0445.JPG,D:\drone\DCIM\111MEDIA\DJI_0445.JPG,-49.34732725,-27.395992305555556,535.847,2026:03:01 16:30:27
111MEDIA,DJI_0446.JPG,D:\drone\DCIM\111MEDIA\DJI_0446.JPG,-49.34732758333334,-27.396001277777778,535.847,2026:03:01 16:30:29
111MEDIA,DJI_0447.JPG,D:\drone\DCIM\111MEDIA\DJI_0447.JPG,-49.34732922222222,-27.396002527777778,535.847,2026:03:01 16:30:31
111MEDIA,DJI_0448.JPG,D:\drone\DCIM\111MEDIA\DJI_0448.JPG,-49.34733272222223,-27.396007444444443,536.047,2026:03:01 16:30:33
111MEDIA,DJI_0449.JPG,D:\drone\DCIM\111MEDIA\DJI_0449.JPG,-49.34733658333334,-27.39601275,536.047,2026:03:01 16:30:35
111MEDIA,DJI_0450.JPG,D:\drone\DCIM\111MEDIA\DJI_0450.JPG,-49.3473405,-27.39601586111111,536.047,2026:03:01 16:30:37
111MEDIA,DJI_0451.JPG,D:\drone\DCIM\111MEDIA\DJI_0451.JPG,-49.34734252777778,-27.396015555555554,536.047,2026:03:01 16:30:39
111MEDIA,DJI_0452.JPG,D:\drone\DCIM\111MEDIA\DJI_0452.JPG,-49.347342222222224,-27.396016944444444,536.047,2026:03:01 16:30:41
111MEDIA,DJI_0453.JPG,D:\drone\DCIM\111MEDIA\DJI_0453.JPG,-49.34734188888889,-27.396017222222223,536.147,2026:03:01 16:30:43
111MEDIA,DJI_0454.JPG,D:\drone\DCIM\111MEDIA\DJI_0454.JPG,-49.347342194444444,-27.39601697222222,536.247,2026:03:01 16:30:45
111MEDIA,DJI_0455.JPG,D:\drone\DCIM\111MEDIA\DJI_0455.JPG,-49.347342250000004,-27.396017416666666,536.347,2026:03:01 16:30:47
111MEDIA,DJI_0456.JPG,D:\drone\DCIM\111MEDIA\DJI_0456.JPG,-49.34734183333334,-27.396018277777777,536.447,2026:03:01 16:30:49
111MEDIA,DJI_0457.JPG,D:\drone\DCIM\111MEDIA\DJI_0457.JPG,-49.3473415,-27.39601811111111,536.447,2026:03:01 16:30:51
111MEDIA,DJI_0458.JPG,D:\drone\DCIM\111MEDIA\DJI_0458.JPG,-49.347341444444446,-27.396018138888888,538.347,2026:03:01 16:30:53
111MEDIA,DJI_0459.JPG,D:\drone\DCIM\111MEDIA\DJI_0459.JPG,-49.347341694444445,-27.396018527777777,540.047,2026:03:01 16:30:55
111MEDIA,DJI_0460.JPG,D:\drone\DCIM\111MEDIA\DJI_0460.JPG,-49.34734155555556,-27.396018666666667,540.047,2026:03:01 16:30:57
111MEDIA,DJI_0461.JPG,D:\drone\DCIM\111MEDIA\DJI_0461.JPG,-49.34734513888889,-27.39602986111111,540.047,2026:03:01 16:30:59
111MEDIA,DJI_0462.JPG,D:\drone\DCIM\111MEDIA\DJI_0462.JPG,-49.34734594444445,-27.39605238888889,540.047,2026:03:01 16:31:01
111MEDIA,DJI_0463.JPG,D:\drone\DCIM\111MEDIA\DJI_0463.JPG,-49.347343638888894,-27.396060583333334,540.047,2026:03:01 16:31:03
111MEDIA,DJI_0464.JPG,D:\drone\DCIM\111MEDIA\DJI_0464.JPG,-49.34734541666667,-27.396061166666666,540.047,2026:03:01 16:31:05
111MEDIA,DJI_0465.JPG,D:\drone\DCIM\111MEDIA\DJI_0465.JPG,-49.347396361111116,-27.39607913888889,540.147,2026:03:01 16:31:07
111MEDIA,DJI_0466.JPG,D:\drone\DCIM\111MEDIA\DJI_0466.JPG,-49.34743119444445,-27.396100083333334,540.047,2026:03:01 16:31:09
111MEDIA,DJI_0467.JPG,D:\drone\DCIM\111MEDIA\DJI_0467.JPG,-49.34743097222223,-27.396101722222223,540.047,2026:03:01 16:31:11
111MEDIA,DJI_0468.JPG,D:\drone\DCIM\111MEDIA\DJI_0468.JPG,-49.34743244444444,-27.39609913888889,540.047,2026:03:01 16:31:13
111MEDIA,DJI_0469.JPG,D:\drone\DCIM\111MEDIA\DJI_0469.JPG,-49.347432861111116,-27.396098444444444,540.047,2026:03:01 16:31:15
111MEDIA,DJI_0470.JPG,D:\drone\DCIM\111MEDIA\DJI_0470.JPG,-49.34743686111111,-27.396092083333333,539.847,2026:03:01 16:31:17
111MEDIA,DJI_0471.JPG,D:\drone\DCIM\111MEDIA\DJI_0471.JPG,-49.34745572222222,-27.396056694444443,539.847,2026:03:01 16:31:19
111MEDIA,DJI_0472.JPG,D:\drone\DCIM\111MEDIA\DJI_0472.JPG,-49.347464333333335,-27.39605263888889,539.847,2026:03:01 16:31:21
111MEDIA,DJI_0473.JPG,D:\drone\DCIM\111MEDIA\DJI_0473.JPG,-49.347471222222225,-27.396035944444446,539.847,2026:03:01 16:31:23
111MEDIA,DJI_0474.JPG,D:\drone\DCIM\111MEDIA\DJI_0474.JPG,-49.34748008333334,-27.396023166666666,539.847,2026:03:01 16:31:25
111MEDIA,DJI_0475.JPG,D:\drone\DCIM\111MEDIA\DJI_0475.JPG,-49.34747986111111,-27.39602375,539.847,2026:03:01 16:31:27
111MEDIA,DJI_0476.JPG,D:\drone\DCIM\111MEDIA\DJI_0476.JPG,-49.34747925,-27.39602361111111,539.847,2026:03:01 16:31:29
111MEDIA,DJI_0477.JPG,D:\drone\DCIM\111MEDIA\DJI_0477.JPG,-49.34747936111111,-27.396024,538.647,2026:03:01 16:31:31
111MEDIA,DJI_0478.JPG,D:\drone\DCIM\111MEDIA\DJI_0478.JPG,-49.34747963888889,-27.396024555555556,538.247,2026:03:01 16:31:33
111MEDIA,DJI_0479.JPG,D:\drone\DCIM\111MEDIA\DJI_0479.JPG,-49.34747913888889,-27.396024027777777,538.247,2026:03:01 16:31:35
111MEDIA,DJI_0480.JPG,D:\drone\DCIM\111MEDIA\DJI_0480.JPG,-49.34747913888889,-27.396023472222222,538.247,2026:03:01 16:31:37
111MEDIA,DJI_0481.JPG,D:\drone\DCIM\111MEDIA\DJI_0481.JPG,-49.34747852777778,-27.396023888888887,538.247,2026:03:01 16:31:39
111MEDIA,DJI_0482.JPG,D:\drone\DCIM\111MEDIA\DJI_0482.JPG,-49.34747841666667,-27.396023916666667,538.247,2026:03:01 16:31:41
111MEDIA,DJI_0483.JPG,D:\drone\DCIM\111MEDIA\DJI_0483.JPG,-49.34747822222222,-27.39602508333333,538.247,2026:03:01 16:31:43
111MEDIA,DJI_0484.JPG,D:\drone\DCIM\111MEDIA\DJI_0484.JPG,-49.34747611111111,-27.396024666666666,538.247,2026:03:01 16:31:45
111MEDIA,DJI_0485.JPG,D:\drone\DCIM\111MEDIA\DJI_0485.JPG,-49.34747063888889,-27.39602072222222,538.347,2026:03:01 16:31:47
111MEDIA,DJI_0486.JPG,D:\drone\DCIM\111MEDIA\DJI_0486.JPG,-49.34745441666667,-27.396006749999998,538.347,2026:03:01 16:31:49
111MEDIA,DJI_0487.JPG,D:\drone\DCIM\111MEDIA\DJI_0487.JPG,-49.34745458333334,-27.3960055,538.347,2026:03:01 16:31:51
111MEDIA,DJI_0488.JPG,D:\drone\DCIM\111MEDIA\DJI_0488.JPG,-49.34745413888889,-27.3960055,539.547,2026:03:01 16:31:53
111MEDIA,DJI_0489.JPG,D:\drone\DCIM\111MEDIA\DJI_0489.JPG,-49.34744244444445,-27.3960045,540.047,2026:03:01 16:31:55
111MEDIA,DJI_0490.JPG,D:\drone\DCIM\111MEDIA\DJI_0490.JPG,-49.347442666666666,-27.396002833333334,540.047,2026:03:01 16:31:57
111MEDIA,DJI_0491.JPG,D:\drone\DCIM\111MEDIA\DJI_0491.JPG,-49.34744338888889,-27.396002499999998,540.347,2026:03:01 16:31:59
111MEDIA,DJI_0492.JPG,D:\drone\DCIM\111MEDIA\DJI_0492.JPG,-49.34744336111111,-27.39600311111111,540.347,2026:03:01 16:32:01
111MEDIA,DJI_0493.JPG,D:\drone\DCIM\111MEDIA\DJI_0493.JPG,-49.347442722222226,-27.396003611111112,540.447,2026:03:01 16:32:03
111MEDIA,DJI_0494.JPG,D:\drone\DCIM\111MEDIA\DJI_0494.JPG,-49.34744275,-27.396003083333333,540.247,2026:03:01 16:32:05
111MEDIA,DJI_0495.JPG,D:\drone\DCIM\111MEDIA\DJI_0495.JPG,-49.34743338888889,-27.39599836111111,540.047,2026:03:01 16:32:07
111MEDIA,DJI_0496.JPG,D:\drone\DCIM\111MEDIA\DJI_0496.JPG,-49.34743202777778,-27.395993861111112,540.147,2026:03:01 16:32:09
111MEDIA,DJI_0497.JPG,D:\drone\DCIM\111MEDIA\DJI_0497.JPG,-49.34742305555556,-27.395993083333334,539.947,2026:03:01 16:32:11
111MEDIA,DJI_0498.JPG,D:\drone\DCIM\111MEDIA\DJI_0498.JPG,-49.34740772222222,-27.395987194444444,540.047,2026:03:01 16:32:13
111MEDIA,DJI_0499.JPG,D:\drone\DCIM\111MEDIA\DJI_0499.JPG,-49.347386,-27.395991583333334,539.047,2026:03:01 16:32:15
111MEDIA,DJI_0500.JPG,D:\drone\DCIM\111MEDIA\DJI_0500.JPG,-49.34735605555556,-27.395993416666666,538.747,2026:03:01 16:32:17
111MEDIA,DJI_0501.JPG,D:\drone\DCIM\111MEDIA\DJI_0501.JPG,-49.34735672222222,-27.395992833333334,538.747,2026:03:01 16:32:19
111MEDIA,DJI_0502.JPG,D:\drone\DCIM\111MEDIA\DJI_0502.JPG,-49.34735719444445,-27.395994277777778,536.847,2026:03:01 16:32:21
111MEDIA,DJI_0503.JPG,D:\drone\DCIM\111MEDIA\DJI_0503.JPG,-49.347357111111116,-27.39599525,536.547,2026:03:01 16:32:23
111MEDIA,DJI_0504.JPG,D:\drone\DCIM\111MEDIA\DJI_0504.JPG,-49.34735641666667,-27.395994916666666,536.547,2026:03:01 16:32:25
111MEDIA,DJI_0505.JPG,D:\drone\DCIM\111MEDIA\DJI_0505.JPG,-49.34735638888889,-27.395995027777776,536.247,2026:03:01 16:32:27
111MEDIA,DJI_0506.JPG,D:\drone\DCIM\111MEDIA\DJI_0506.JPG,-49.34735780555556,-27.39599402777778,536.147,2026:03:01 16:32:29
111MEDIA,DJI_0507.JPG,D:\drone\DCIM\111MEDIA\DJI_0507.JPG,-49.347358444444446,-27.39599408333333,536.947,2026:03:01 16:32:31
111MEDIA,DJI_0508.JPG,D:\drone\DCIM\111MEDIA\DJI_0508.JPG,-49.34735858333334,-27.395993916666665,537.547,2026:03:01 16:32:33
111MEDIA,DJI_0509.JPG,D:\drone\DCIM\111MEDIA\DJI_0509.JPG,-49.34735519444445,-27.39600022222222,537.547,2026:03:01 16:32:35
111MEDIA,DJI_0510.JPG,D:\drone\DCIM\111MEDIA\DJI_0510.JPG,-49.34734702777778,-27.396008666666667,537.347,2026:03:01 16:32:37
111MEDIA,DJI_0511.JPG,D:\drone\DCIM\111MEDIA\DJI_0511.JPG,-49.34734752777778,-27.396007583333333,536.047,2026:03:01 16:32:39
111MEDIA,DJI_0512.JPG,D:\drone\DCIM\111MEDIA\DJI_0512.JPG,-49.34734780555556,-27.39600777777778,535.547,2026:03:01 16:32:41
111MEDIA,DJI_0513.JPG,D:\drone\DCIM\111MEDIA\DJI_0513.JPG,-49.34734791666667,-27.39600761111111,535.447,2026:03:01 16:32:43
111MEDIA,DJI_0514.JPG,D:\drone\DCIM\111MEDIA\DJI_0514.JPG,-49.34734763888889,-27.396007194444444,535.347,2026:03:01 16:32:45
111MEDIA,DJI_0515.JPG,D:\drone\DCIM\111MEDIA\DJI_0515.JPG,-49.34734791666667,-27.39600825,535.447,2026:03:01 16:32:47
111MEDIA,DJI_0516.JPG,D:\drone\DCIM\111MEDIA\DJI_0516.JPG,-49.34734755555556,-27.396007805555556,535.447,2026:03:01 16:32:49
111MEDIA,DJI_0517.JPG,D:\drone\DCIM\111MEDIA\DJI_0517.JPG,-49.34734780555556,-27.396007527777776,535.447,2026:03:01 16:32:51
111MEDIA,DJI_0518.JPG,D:\drone\DCIM\111MEDIA\DJI_0518.JPG,-49.347348305555556,-27.39600711111111,535.447,2026:03:01 16:32:53
111MEDIA,DJI_0519.JPG,D:\drone\DCIM\111MEDIA\DJI_0519.JPG,-49.347348361111116,-27.396006888888888,535.447,2026:03:01 16:32:55
111MEDIA,DJI_0520.JPG,D:\drone\DCIM\111MEDIA\DJI_0520.JPG,-49.347348361111116,-27.39600636111111,535.447,2026:03:01 16:32:57
111MEDIA,DJI_0521.JPG,D:\drone\DCIM\111MEDIA\DJI_0521.JPG,-49.34734916666667,-27.396006083333333,535.447,2026:03:01 16:32:59
111MEDIA,DJI_0522.JPG,D:\drone\DCIM\111MEDIA\DJI_0522.JPG,-49.34734955555556,-27.396006027777776,535.447,2026:03:01 16:33:01
111MEDIA,DJI_0523.JPG,D:\drone\DCIM\111MEDIA\DJI_0523.JPG,-49.34734947222223,-27.396006083333333,535.447,2026:03:01 16:33:03
111MEDIA,DJI_0524.JPG,D:\drone\DCIM\111MEDIA\DJI_0524.JPG,-49.347350000000006,-27.39600613888889,535.447,2026:03:01 16:33:05
111MEDIA,DJI_0525.JPG,D:\drone\DCIM\111MEDIA\DJI_0525.JPG,-49.34735063888889,-27.39600663888889,535.447,2026:03:01 16:33:07
111MEDIA,DJI_0526.JPG,D:\drone\DCIM\111MEDIA\DJI_0526.JPG,-49.347350722222224,-27.396006611111112,535.447,2026:03:01 16:33:09
111MEDIA,DJI_0527.JPG,D:\drone\DCIM\111MEDIA\DJI_0527.JPG,-49.347350500000005,-27.396006694444445,535.447,2026:03:01 16:33:11
111MEDIA,DJI_0528.JPG,D:\drone\DCIM\111MEDIA\DJI_0528.JPG,-49.347350250000005,-27.39600625,535.447,2026:03:01 16:33:13
111MEDIA,DJI_0529.JPG,D:\drone\DCIM\111MEDIA\DJI_0529.JPG,-49.34735147222222,-27.396006805555555,535.447,2026:03:01 16:33:15
111MEDIA,DJI_0530.JPG,D:\drone\DCIM\111MEDIA\DJI_0530.JPG,-49.347351888888895,-27.39600697222222,535.447,2026:03:01 16:33:17
111MEDIA,DJI_0531.JPG,D:\drone\DCIM\111MEDIA\DJI_0531.JPG,-49.347351833333335,-27.396006416666665,535.447,2026:03:01 16:33:19
111MEDIA,DJI_0532.JPG,D:\drone\DCIM\111MEDIA\DJI_0532.JPG,-49.3473525,-27.396006444444446,535.447,2026:03:01 16:33:21
111MEDIA,DJI_0533.JPG,D:\drone\DCIM\111MEDIA\DJI_0533.JPG,-49.34735275,-27.396005694444444,535.447,2026:03:01 16:33:23
111MEDIA,DJI_0534.JPG,D:\drone\DCIM\111MEDIA\DJI_0534.JPG,-49.34735277777778,-27.39600613888889,535.447,2026:03:01 16:33:25
111MEDIA,DJI_0535.JPG,D:\drone\DCIM\111MEDIA\DJI_0535.JPG,-49.34735244444445,-27.39600572222222,535.447,2026:03:01 16:33:27
111MEDIA,DJI_0536.JPG,D:\drone\DCIM\111MEDIA\DJI_0536.JPG,-49.34735252777778,-27.39600575,535.447,2026:03:01 16:33:29
111MEDIA,DJI_0537.JPG,D:\drone\DCIM\111MEDIA\DJI_0537.JPG,-49.34734947222223,-27.395998388888888,535.447,2026:03:01 16:33:31
111MEDIA,DJI_0538.JPG,D:\drone\DCIM\111MEDIA\DJI_0538.JPG,-49.34734786111111,-27.395989611111112,535.347,2026:03:01 16:33:33
111MEDIA,DJI_0539.JPG,D:\drone\DCIM\111MEDIA\DJI_0539.JPG,-49.347342805555556,-27.395975944444444,535.247,2026:03:01 16:33:35
111MEDIA,DJI_0540.JPG,D:\drone\DCIM\111MEDIA\DJI_0540.JPG,-49.347345277777784,-27.395973805555556,535.147,2026:03:01 16:33:37
111MEDIA,DJI_0541.JPG,D:\drone\DCIM\111MEDIA\DJI_0541.JPG,-49.347346111111115,-27.39596925,535.147,2026:03:01 16:33:39
111MEDIA,DJI_0542.JPG,D:\drone\DCIM\111MEDIA\DJI_0542.JPG,-49.347347250000006,-27.395969805555556,535.147,2026:03:01 16:33:41
111MEDIA,DJI_0543.JPG,D:\drone\DCIM\111MEDIA\DJI_0543.JPG,-49.34735061111111,-27.395965694444445,535.147,2026:03:01 16:33:43
111MEDIA,DJI_0544.JPG,D:\drone\DCIM\111MEDIA\DJI_0544.JPG,-49.34735477777778,-27.395963805555557,535.147,2026:03:01 16:33:45
111MEDIA,DJI_0545.JPG,D:\drone\DCIM\111MEDIA\DJI_0545.JPG,-49.34735886111111,-27.395963833333333,535.147,2026:03:01 16:33:47
111MEDIA,DJI_0546.JPG,D:\drone\DCIM\111MEDIA\DJI_0546.JPG,-49.347364222222225,-27.39596486111111,534.847,2026:03:01 16:33:49
111MEDIA,DJI_0547.JPG,D:\drone\DCIM\111MEDIA\DJI_0547.JPG,-49.34736463888889,-27.39596525,534.847,2026:03:01 16:33:51
111MEDIA,DJI_0548.JPG,D:\drone\DCIM\111MEDIA\DJI_0548.JPG,-49.34736441666667,-27.395965666666665,534.847,2026:03:01 16:33:53
111MEDIA,DJI_0549.JPG,D:\drone\DCIM\111MEDIA\DJI_0549.JPG,-49.34736466666667,-27.395965999999998,534.847,2026:03:01 16:33:55
111MEDIA,DJI_0550.JPG,D:\drone\DCIM\111MEDIA\DJI_0550.JPG,-49.34736577777778,-27.39596702777778,534.847,2026:03:01 16:33:57
111MEDIA,DJI_0551.JPG,D:\drone\DCIM\111MEDIA\DJI_0551.JPG,-49.34736575,-27.395967805555554,534.847,2026:03:01 16:33:59
111MEDIA,DJI_0552.JPG,D:\drone\DCIM\111MEDIA\DJI_0552.JPG,-49.34737327777778,-27.395968083333333,534.847,2026:03:01 16:34:01
111MEDIA,DJI_0553.JPG,D:\drone\DCIM\111MEDIA\DJI_0553.JPG,-49.347378500000005,-27.39596922222222,534.947,2026:03:01 16:34:03
111MEDIA,DJI_0554.JPG,D:\drone\DCIM\111MEDIA\DJI_0554.JPG,-49.34738466666667,-27.395968083333333,534.947,2026:03:01 16:34:05
111MEDIA,DJI_0555.JPG,D:\drone\DCIM\111MEDIA\DJI_0555.JPG,-49.34738416666667,-27.395968694444445,534.947,2026:03:01 16:34:07
111MEDIA,DJI_0556.JPG,D:\drone\DCIM\111MEDIA\DJI_0556.JPG,-49.34738461111111,-27.395968666666665,534.947,2026:03:01 16:34:09
111MEDIA,DJI_0557.JPG,D:\drone\DCIM\111MEDIA\DJI_0557.JPG,-49.34738566666667,-27.395969166666667,534.947,2026:03:01 16:34:11
111MEDIA,DJI_0558.JPG,D:\drone\DCIM\111MEDIA\DJI_0558.JPG,-49.347385888888894,-27.39597008333333,534.947,2026:03:01 16:34:13
111MEDIA,DJI_0559.JPG,D:\drone\DCIM\111MEDIA\DJI_0559.JPG,-49.34738625,-27.39597113888889,534.947,2026:03:01 16:34:15
111MEDIA,DJI_0560.JPG,D:\drone\DCIM\111MEDIA\DJI_0560.JPG,-49.347386750000005,-27.395971055555556,534.947,2026:03:01 16:34:17
111MEDIA,DJI_0561.JPG,D:\drone\DCIM\111MEDIA\DJI_0561.JPG,-49.347387194444444,-27.395971777777778,534.947,2026:03:01 16:34:19
111MEDIA,DJI_0562.JPG,D:\drone\DCIM\111MEDIA\DJI_0562.JPG,-49.34738688888889,-27.395972277777776,534.947,2026:03:01 16:34:21
111MEDIA,DJI_0563.JPG,D:\drone\DCIM\111MEDIA\DJI_0563.JPG,-49.34738677777778,-27.39597283333333,534.947,2026:03:01 16:34:23
111MEDIA,DJI_0564.JPG,D:\drone\DCIM\111MEDIA\DJI_0564.JPG,-49.34738661111111,-27.39597283333333,534.947,2026:03:01 16:34:25
111MEDIA,DJI_0565.JPG,D:\drone\DCIM\111MEDIA\DJI_0565.JPG,-49.34738652777778,-27.395972416666666,534.947,2026:03:01 16:34:27
111MEDIA,DJI_0566.JPG,D:\drone\DCIM\111MEDIA\DJI_0566.JPG,-49.34738677777778,-27.39597297222222,534.947,2026:03:01 16:34:29
111MEDIA,DJI_0567.JPG,D:\drone\DCIM\111MEDIA\DJI_0567.JPG,-49.34738702777778,-27.39597402777778,534.947,2026:03:01 16:34:31
111MEDIA,DJI_0568.JPG,D:\drone\DCIM\111MEDIA\DJI_0568.JPG,-49.34738736111111,-27.395974555555554,534.947,2026:03:01 16:34:33
111MEDIA,DJI_0569.JPG,D:\drone\DCIM\111MEDIA\DJI_0569.JPG,-49.34738747222222,-27.39597536111111,534.947,2026:03:01 16:34:35
111MEDIA,DJI_0570.JPG,D:\drone\DCIM\111MEDIA\DJI_0570.JPG,-49.34738791666667,-27.395975805555555,534.947,2026:03:01 16:34:37
111MEDIA,DJI_0571.JPG,D:\drone\DCIM\111MEDIA\DJI_0571.JPG,-49.347385083333336,-27.39597636111111,534.647,2026:03:01 16:34:39
111MEDIA,DJI_0572.JPG,D:\drone\DCIM\111MEDIA\DJI_0572.JPG,-49.34737213888889,-27.395976,534.647,2026:03:01 16:34:41
111MEDIA,DJI_0573.JPG,D:\drone\DCIM\111MEDIA\DJI_0573.JPG,-49.347369416666666,-27.39597447222222,534.647,2026:03:01 16:34:43
111MEDIA,DJI_0574.JPG,D:\drone\DCIM\111MEDIA\DJI_0574.JPG,-49.347357083333335,-27.395973194444444,534.747,2026:03:01 16:34:45
111MEDIA,DJI_0575.JPG,D:\drone\DCIM\111MEDIA\DJI_0575.JPG,-49.34734652777778,-27.395971055555556,534.747,2026:03:01 16:34:47
111MEDIA,DJI_0576.JPG,D:\drone\DCIM\111MEDIA\DJI_0576.JPG,-49.34734752777778,-27.395969333333333,535.347,2026:03:01 16:34:49
111MEDIA,DJI_0577.JPG,D:\drone\DCIM\111MEDIA\DJI_0577.JPG,-49.34734541666667,-27.39596911111111,535.547,2026:03:01 16:34:51
111MEDIA,DJI_0578.JPG,D:\drone\DCIM\111MEDIA\DJI_0578.JPG,-49.34732916666667,-27.395966055555554,535.547,2026:03:01 16:34:53
111MEDIA,DJI_0579.JPG,D:\drone\DCIM\111MEDIA\DJI_0579.JPG,-49.34732483333334,-27.395962444444443,535.547,2026:03:01 16:34:55
111MEDIA,DJI_0580.JPG,D:\drone\DCIM\111MEDIA\DJI_0580.JPG,-49.34732405555556,-27.39596125,535.547,2026:03:01 16:34:57
111MEDIA,DJI_0581.JPG,D:\drone\DCIM\111MEDIA\DJI_0581.JPG,-49.347319722222224,-27.39596033333333,535.847,2026:03:01 16:34:59
111MEDIA,DJI_0582.JPG,D:\drone\DCIM\111MEDIA\DJI_0582.JPG,-49.347300805555555,-27.39595775,535.847,2026:03:01 16:35:01
111MEDIA,DJI_0583.JPG,D:\drone\DCIM\111MEDIA\DJI_0583.JPG,-49.34728966666667,-27.395951277777776,535.747,2026:03:01 16:35:03
111MEDIA,DJI_0584.JPG,D:\drone\DCIM\111MEDIA\DJI_0584.JPG,-49.347290388888894,-27.39595047222222,535.747,2026:03:01 16:35:05
111MEDIA,DJI_0585.JPG,D:\drone\DCIM\111MEDIA\DJI_0585.JPG,-49.34728977777778,-27.39595072222222,535.847,2026:03:01 16:35:07
111MEDIA,DJI_0586.JPG,D:\drone\DCIM\111MEDIA\DJI_0586.JPG,-49.34729025,-27.395950111111112,535.847,2026:03:01 16:35:09
111MEDIA,DJI_0587.JPG,D:\drone\DCIM\111MEDIA\DJI_0587.JPG,-49.34729133333334,-27.39594936111111,535.747,2026:03:01 16:35:11
111MEDIA,DJI_0588.JPG,D:\drone\DCIM\111MEDIA\DJI_0588.JPG,-49.34729213888889,-27.395949444444444,535.747,2026:03:01 16:35:13
111MEDIA,DJI_0589.JPG,D:\drone\DCIM\111MEDIA\DJI_0589.JPG,-49.34729216666667,-27.39595183333333,535.747,2026:03:01 16:35:15
111MEDIA,DJI_0590.JPG,D:\drone\DCIM\111MEDIA\DJI_0590.JPG,-49.34727933333333,-27.395957083333332,535.747,2026:03:01 16:35:17
111MEDIA,DJI_0591.JPG,D:\drone\DCIM\111MEDIA\DJI_0591.JPG,-49.34725380555556,-27.39596172222222,535.747,2026:03:01 16:35:19
111MEDIA,DJI_0592.JPG,D:\drone\DCIM\111MEDIA\DJI_0592.JPG,-49.34724941666667,-27.3959635,535.747,2026:03:01 16:35:21
111MEDIA,DJI_0593.JPG,D:\drone\DCIM\111MEDIA\DJI_0593.JPG,-49.34725133333333,-27.395970166666665,535.847,2026:03:01 16:35:23
111MEDIA,DJI_0594.JPG,D:\drone\DCIM\111MEDIA\DJI_0594.JPG,-49.347252555555556,-27.39597708333333,535.747,2026:03:01 16:35:25
111MEDIA,DJI_0595.JPG,D:\drone\DCIM\111MEDIA\DJI_0595.JPG,-49.347252555555556,-27.3959795,535.747,2026:03:01 16:35:27
111MEDIA,DJI_0596.JPG,D:\drone\DCIM\111MEDIA\DJI_0596.JPG,-49.34725955555556,-27.395993083333334,535.747,2026:03:01 16:35:29
111MEDIA,DJI_0597.JPG,D:\drone\DCIM\111MEDIA\DJI_0597.JPG,-49.34726222222223,-27.39600261111111,535.747,2026:03:01 16:35:31
111MEDIA,DJI_0598.JPG,D:\drone\DCIM\111MEDIA\DJI_0598.JPG,-49.34726288888889,-27.396002361111112,535.747,2026:03:01 16:35:34
111MEDIA,DJI_0599.JPG,D:\drone\DCIM\111MEDIA\DJI_0599.JPG,-49.347273944444446,-27.396018777777776,535.747,2026:03:01 16:35:35
111MEDIA,DJI_0600.JPG,D:\drone\DCIM\111MEDIA\DJI_0600.JPG,-49.34727508333334,-27.396029055555555,535.747,2026:03:01 16:35:37
111MEDIA,DJI_0601.JPG,D:\drone\DCIM\111MEDIA\DJI_0601.JPG,-49.347278888888894,-27.396032777777776,535.747,2026:03:01 16:35:39
111MEDIA,DJI_0602.JPG,D:\drone\DCIM\111MEDIA\DJI_0602.JPG,-49.34729113888889,-27.39604725,535.747,2026:03:01 16:35:41
111MEDIA,DJI_0603.JPG,D:\drone\DCIM\111MEDIA\DJI_0603.JPG,-49.34729127777778,-27.396056916666666,535.747,2026:03:01 16:35:43
111MEDIA,DJI_0604.JPG,D:\drone\DCIM\111MEDIA\DJI_0604.JPG,-49.34729133333334,-27.39608677777778,535.747,2026:03:01 16:35:45
111MEDIA,DJI_0605.JPG,D:\drone\DCIM\111MEDIA\DJI_0605.JPG,-49.34728775,-27.396097694444443,535.847,2026:03:01 16:35:47
111MEDIA,DJI_0606.JPG,D:\drone\DCIM\111MEDIA\DJI_0606.JPG,-49.347289027777784,-27.396097472222223,535.747,2026:03:01 16:35:49
111MEDIA,DJI_0607.JPG,D:\drone\DCIM\111MEDIA\DJI_0607.JPG,-49.347278611111115,-27.396112944444443,535.847,2026:03:01 16:35:51
111MEDIA,DJI_0608.JPG,D:\drone\DCIM\111MEDIA\DJI_0608.JPG,-49.34726552777778,-27.39612052777778,535.247,2026:03:01 16:35:53
111MEDIA,DJI_0609.JPG,D:\drone\DCIM\111MEDIA\DJI_0609.JPG,-49.34726147222222,-27.396125444444444,535.247,2026:03:01 16:35:55
111MEDIA,DJI_0610.JPG,D:\drone\DCIM\111MEDIA\DJI_0610.JPG,-49.3472585,-27.3961325,534.947,2026:03:01 16:35:57
111MEDIA,DJI_0611.JPG,D:\drone\DCIM\111MEDIA\DJI_0611.JPG,-49.34725841666667,-27.396135277777777,534.647,2026:03:01 16:35:59
111MEDIA,DJI_0612.JPG,D:\drone\DCIM\111MEDIA\DJI_0612.JPG,-49.347251416666666,-27.39615761111111,534.647,2026:03:01 16:36:01
111MEDIA,DJI_0613.JPG,D:\drone\DCIM\111MEDIA\DJI_0613.JPG,-49.34724683333334,-27.39615922222222,534.647,2026:03:01 16:36:03
111MEDIA,DJI_0614.JPG,D:\drone\DCIM\111MEDIA\DJI_0614.JPG,-49.34724763888889,-27.396160444444444,534.647,2026:03:01 16:36:05
111MEDIA,DJI_0615.JPG,D:\drone\DCIM\111MEDIA\DJI_0615.JPG,-49.34724263888889,-27.396177555555553,534.647,2026:03:01 16:36:07
111MEDIA,DJI_0616.JPG,D:\drone\DCIM\111MEDIA\DJI_0616.JPG,-49.347233111111116,-27.396192305555555,534.647,2026:03:01 16:36:09
111MEDIA,DJI_0617.JPG,D:\drone\DCIM\111MEDIA\DJI_0617.JPG,-49.34723283333334,-27.396192888888887,534.647,2026:03:01 16:36:11
111MEDIA,DJI_0618.JPG,D:\drone\DCIM\111MEDIA\DJI_0618.JPG,-49.34723352777778,-27.39619311111111,534.647,2026:03:01 16:36:13
111MEDIA,DJI_0619.JPG,D:\drone\DCIM\111MEDIA\DJI_0619.JPG,-49.347233555555555,-27.396193611111112,534.647,2026:03:01 16:36:15
111MEDIA,DJI_0620.JPG,D:\drone\DCIM\111MEDIA\DJI_0620.JPG,-49.34723344444445,-27.39619375,534.647,2026:03:01 16:36:17
111MEDIA,DJI_0621.JPG,D:\drone\DCIM\111MEDIA\DJI_0621.JPG,-49.34723319444445,-27.396193583333332,534.647,2026:03:01 16:36:19
111MEDIA,DJI_0622.JPG,D:\drone\DCIM\111MEDIA\DJI_0622.JPG,-49.34723255555556,-27.39619436111111,534.647,2026:03:01 16:36:21
111MEDIA,DJI_0623.JPG,D:\drone\DCIM\111MEDIA\DJI_0623.JPG,-49.34723241666667,-27.396194944444446,534.647,2026:03:01 16:36:23
111MEDIA,DJI_0624.JPG,D:\drone\DCIM\111MEDIA\DJI_0624.JPG,-49.34723216666667,-27.396194722222223,534.647,2026:03:01 16:36:25
111MEDIA,DJI_0625.JPG,D:\drone\DCIM\111MEDIA\DJI_0625.JPG,-49.34723161111111,-27.396193888888888,534.647,2026:03:01 16:36:27
111MEDIA,DJI_0626.JPG,D:\drone\DCIM\111MEDIA\DJI_0626.JPG,-49.347231444444446,-27.396194027777778,534.647,2026:03:01 16:36:29
111MEDIA,DJI_0627.JPG,D:\drone\DCIM\111MEDIA\DJI_0627.JPG,-49.347231944444445,-27.3961935,534.547,2026:03:01 16:36:31
111MEDIA,DJI_0628.JPG,D:\drone\DCIM\111MEDIA\DJI_0628.JPG,-49.34723644444445,-27.396186194444443,534.547,2026:03:01 16:36:33
111MEDIA,DJI_0629.JPG,D:\drone\DCIM\111MEDIA\DJI_0629.JPG,-49.34724641666667,-27.396163777777776,534.547,2026:03:01 16:36:35
111MEDIA,DJI_0630.JPG,D:\drone\DCIM\111MEDIA\DJI_0630.JPG,-49.347257750000004,-27.396155611111112,534.547,2026:03:01 16:36:37
111MEDIA,DJI_0631.JPG,D:\drone\DCIM\111MEDIA\DJI_0631.JPG,-49.34725788888889,-27.39615586111111,534.547,2026:03:01 16:36:39
111MEDIA,DJI_0632.JPG,D:\drone\DCIM\111MEDIA\DJI_0632.JPG,-49.34725847222222,-27.39615472222222,534.547,2026:03:01 16:36:41
111MEDIA,DJI_0633.JPG,D:\drone\DCIM\111MEDIA\DJI_0633.JPG,-49.34725813888889,-27.39615386111111,534.547,2026:03:01 16:36:43
111MEDIA,DJI_0634.JPG,D:\drone\DCIM\111MEDIA\DJI_0634.JPG,-49.347257444444445,-27.396153972222223,534.547,2026:03:01 16:36:45
111MEDIA,DJI_0635.JPG,D:\drone\DCIM\111MEDIA\DJI_0635.JPG,-49.347256333333334,-27.396154305555555,534.647,2026:03:01 16:36:47
111MEDIA,DJI_0636.JPG,D:\drone\DCIM\111MEDIA\DJI_0636.JPG,-49.34725644444445,-27.396155083333333,534.647,2026:03:01 16:36:49
111MEDIA,DJI_0637.JPG,D:\drone\DCIM\111MEDIA\DJI_0637.JPG,-49.34725655555556,-27.396155666666665,534.647,2026:03:01 16:36:51
111MEDIA,DJI_0638.JPG,D:\drone\DCIM\111MEDIA\DJI_0638.JPG,-49.34725780555556,-27.396156055555554,534.547,2026:03:01 16:36:53
111MEDIA,DJI_0639.JPG,D:\drone\DCIM\111MEDIA\DJI_0639.JPG,-49.34725805555556,-27.39615611111111,534.547,2026:03:01 16:36:55
111MEDIA,DJI_0640.JPG,D:\drone\DCIM\111MEDIA\DJI_0640.JPG,-49.34725477777778,-27.396150805555553,534.547,2026:03:01 16:36:57
111MEDIA,DJI_0641.JPG,D:\drone\DCIM\111MEDIA\DJI_0641.JPG,-49.34724063888889,-27.396134166666666,534.647,2026:03:01 16:36:59
111MEDIA,DJI_0642.JPG,D:\drone\DCIM\111MEDIA\DJI_0642.JPG,-49.347239,-27.396126777777777,534.547,2026:03:01 16:37:01
111MEDIA,DJI_0643.JPG,D:\drone\DCIM\111MEDIA\DJI_0643.JPG,-49.347239055555555,-27.396127416666666,535.447,2026:03:01 16:37:03
111MEDIA,DJI_0644.JPG,D:\drone\DCIM\111MEDIA\DJI_0644.JPG,-49.34723805555556,-27.39612772222222,535.447,2026:03:01 16:37:05
111MEDIA,DJI_0645.JPG,D:\drone\DCIM\111MEDIA\DJI_0645.JPG,-49.34723777777778,-27.396128194444444,535.447,2026:03:01 16:37:07
111MEDIA,DJI_0646.JPG,D:\drone\DCIM\111MEDIA\DJI_0646.JPG,-49.347237722222225,-27.396128277777777,535.447,2026:03:01 16:37:09
111MEDIA,DJI_0647.JPG,D:\drone\DCIM\111MEDIA\DJI_0647.JPG,-49.34723738888889,-27.39612838888889,535.447,2026:03:01 16:37:11
111MEDIA,DJI_0648.JPG,D:\drone\DCIM\111MEDIA\DJI_0648.JPG,-49.347237222222226,-27.396128194444444,535.447,2026:03:01 16:37:13
111MEDIA,DJI_0649.JPG,D:\drone\DCIM\111MEDIA\DJI_0649.JPG,-49.34723627777778,-27.39612825,535.447,2026:03:01 16:37:15
111MEDIA,DJI_0650.JPG,D:\drone\DCIM\111MEDIA\DJI_0650.JPG,-49.34723755555556,-27.396128416666667,535.447,2026:03:01 16:37:17
111MEDIA,DJI_0651.JPG,D:\drone\DCIM\111MEDIA\DJI_0651.JPG,-49.34724169444445,-27.396131527777776,537.247,2026:03:01 16:37:19
111MEDIA,DJI_0652.JPG,D:\drone\DCIM\111MEDIA\DJI_0652.JPG,-49.34724105555556,-27.39613225,538.147,2026:03:01 16:37:21
111MEDIA,DJI_0653.JPG,D:\drone\DCIM\111MEDIA\DJI_0653.JPG,-49.34723972222223,-27.396131305555556,539.247,2026:03:01 16:37:23
111MEDIA,DJI_0654.JPG,D:\drone\DCIM\111MEDIA\DJI_0654.JPG,-49.34724127777778,-27.396130638888888,540.547,2026:03:01 16:37:25
111MEDIA,DJI_0655.JPG,D:\drone\DCIM\111MEDIA\DJI_0655.JPG,-49.34724105555556,-27.396131444444443,540.547,2026:03:01 16:37:27
111MEDIA,DJI_0656.JPG,D:\drone\DCIM\111MEDIA\DJI_0656.JPG,-49.34724138888889,-27.396131416666666,540.547,2026:03:01 16:37:29
111MEDIA,DJI_0657.JPG,D:\drone\DCIM\111MEDIA\DJI_0657.JPG,-49.347241583333336,-27.39613261111111,540.547,2026:03:01 16:37:31
111MEDIA,DJI_0658.JPG,D:\drone\DCIM\111MEDIA\DJI_0658.JPG,-49.34724091666667,-27.39613313888889,540.547,2026:03:01 16:37:33
111MEDIA,DJI_0659.JPG,D:\drone\DCIM\111MEDIA\DJI_0659.JPG,-49.34724108333334,-27.396133,540.547,2026:03:01 16:37:35
111MEDIA,DJI_0660.JPG,D:\drone\DCIM\111MEDIA\DJI_0660.JPG,-49.347241611111116,-27.39613333333333,540.547,2026:03:01 16:37:37
111MEDIA,DJI_0661.JPG,D:\drone\DCIM\111MEDIA\DJI_0661.JPG,-49.34724333333334,-27.396134472222222,541.047,2026:03:01 16:37:39
111MEDIA,DJI_0662.JPG,D:\drone\DCIM\111MEDIA\DJI_0662.JPG,-49.347247055555556,-27.396149305555554,541.047,2026:03:01 16:37:41
111MEDIA,DJI_0663.JPG,D:\drone\DCIM\111MEDIA\DJI_0663.JPG,-49.34724602777778,-27.396166694444442,541.047,2026:03:01 16:37:43
111MEDIA,DJI_0664.JPG,D:\drone\DCIM\111MEDIA\DJI_0664.JPG,-49.34724391666667,-27.39617736111111,539.747,2026:03:01 16:37:45
111MEDIA,DJI_0665.JPG,D:\drone\DCIM\111MEDIA\DJI_0665.JPG,-49.347244583333335,-27.396177388888887,539.547,2026:03:01 16:37:47
111MEDIA,DJI_0666.JPG,D:\drone\DCIM\111MEDIA\DJI_0666.JPG,-49.34724686111112,-27.396179166666666,539.247,2026:03:01 16:37:49
111MEDIA,DJI_0667.JPG,D:\drone\DCIM\111MEDIA\DJI_0667.JPG,-49.34724586111111,-27.396180083333334,537.947,2026:03:01 16:37:51
111MEDIA,DJI_0668.JPG,D:\drone\DCIM\111MEDIA\DJI_0668.JPG,-49.347257750000004,-27.396206166666666,537.947,2026:03:01 16:37:53
111MEDIA,DJI_0669.JPG,D:\drone\DCIM\111MEDIA\DJI_0669.JPG,-49.347257250000006,-27.396225333333334,537.947,2026:03:01 16:37:55
111MEDIA,DJI_0670.JPG,D:\drone\DCIM\111MEDIA\DJI_0670.JPG,-49.34725816666667,-27.39622486111111,537.947,2026:03:01 16:37:57
111MEDIA,DJI_0671.JPG,D:\drone\DCIM\111MEDIA\DJI_0671.JPG,-49.34725991666667,-27.396225138888887,537.947,2026:03:01 16:37:59
111MEDIA,DJI_0672.JPG,D:\drone\DCIM\111MEDIA\DJI_0672.JPG,-49.34725961111111,-27.39622647222222,538.047,2026:03:01 16:38:01
111MEDIA,DJI_0673.JPG,D:\drone\DCIM\111MEDIA\DJI_0673.JPG,-49.34725661111111,-27.396231055555557,538.647,2026:03:01 16:38:03
111MEDIA,DJI_0674.JPG,D:\drone\DCIM\111MEDIA\DJI_0674.JPG,-49.347242666666666,-27.396235916666665,538.647,2026:03:01 16:38:05
111MEDIA,DJI_0675.JPG,D:\drone\DCIM\111MEDIA\DJI_0675.JPG,-49.34721541666667,-27.39624722222222,538.747,2026:03:01 16:38:07
111MEDIA,DJI_0676.JPG,D:\drone\DCIM\111MEDIA\DJI_0676.JPG,-49.347208583333334,-27.396249555555556,538.747,2026:03:01 16:38:09
111MEDIA,DJI_0677.JPG,D:\drone\DCIM\111MEDIA\DJI_0677.JPG,-49.34720980555556,-27.39625086111111,538.747,2026:03:01 16:38:11
111MEDIA,DJI_0678.JPG,D:\drone\DCIM\111MEDIA\DJI_0678.JPG,-49.34720880555556,-27.39625175,538.647,2026:03:01 16:38:13
111MEDIA,DJI_0679.JPG,D:\drone\DCIM\111MEDIA\DJI_0679.JPG,-49.34720813888889,-27.396251694444445,538.647,2026:03:01 16:38:15
111MEDIA,DJI_0680.JPG,D:\drone\DCIM\111MEDIA\DJI_0680.JPG,-49.347208111111115,-27.396251333333332,538.647,2026:03:01 16:38:17
111MEDIA,DJI_0681.JPG,D:\drone\DCIM\111MEDIA\DJI_0681.JPG,-49.34720794444445,-27.396250583333334,538.147,2026:03:01 16:38:19
111MEDIA,DJI_0682.JPG,D:\drone\DCIM\111MEDIA\DJI_0682.JPG,-49.34720680555556,-27.396249944444445,537.547,2026:03:01 16:38:21
111MEDIA,DJI_0683.JPG,D:\drone\DCIM\111MEDIA\DJI_0683.JPG,-49.34720636111111,-27.396249833333332,537.547,2026:03:01 16:38:23
111MEDIA,DJI_0684.JPG,D:\drone\DCIM\111MEDIA\DJI_0684.JPG,-49.34720730555556,-27.396249305555553,537.347,2026:03:01 16:38:25
111MEDIA,DJI_0685.JPG,D:\drone\DCIM\111MEDIA\DJI_0685.JPG,-49.347217444444446,-27.396221472222223,537.347,2026:03:01 16:38:27
111MEDIA,DJI_0686.JPG,D:\drone\DCIM\111MEDIA\DJI_0686.JPG,-49.34724863888889,-27.396154638888888,536.747,2026:03:01 16:38:29
111MEDIA,DJI_0687.JPG,D:\drone\DCIM\111MEDIA\DJI_0687.JPG,-49.34727661111111,-27.396123888888887,536.347,2026:03:01 16:38:31
111MEDIA,DJI_0688.JPG,D:\drone\DCIM\111MEDIA\DJI_0688.JPG,-49.347275555555555,-27.396123222222222,536.347,2026:03:01 16:38:33
111MEDIA,DJI_0689.JPG,D:\drone\DCIM\111MEDIA\DJI_0689.JPG,-49.34727208333334,-27.396122416666667,536.347,2026:03:01 16:38:35
111MEDIA,DJI_0690.JPG,D:\drone\DCIM\111MEDIA\DJI_0690.JPG,-49.347271500000005,-27.396120805555555,536.347,2026:03:01 16:38:37
111MEDIA,DJI_0691.JPG,D:\drone\DCIM\111MEDIA\DJI_0691.JPG,-49.347267083333335,-27.396101722222223,536.247,2026:03:01 16:38:39
111MEDIA,DJI_0692.JPG,D:\drone\DCIM\111MEDIA\DJI_0692.JPG,-49.347271972222224,-27.39609913888889,535.547,2026:03:01 16:38:42
111MEDIA,DJI_0693.JPG,D:\drone\DCIM\111MEDIA\DJI_0693.JPG,-49.34727105555556,-27.396098944444443,535.547,2026:03:01 16:38:43
111MEDIA,DJI_0694.JPG,D:\drone\DCIM\111MEDIA\DJI_0694.JPG,-49.347270638888894,-27.396098777777777,535.547,2026:03:01 16:38:45
111MEDIA,DJI_0695.JPG,D:\drone\DCIM\111MEDIA\DJI_0695.JPG,-49.347270388888894,-27.39609861111111,535.547,2026:03:01 16:38:47
111MEDIA,DJI_0696.JPG,D:\drone\DCIM\111MEDIA\DJI_0696.JPG,-49.347270333333334,-27.396098166666665,535.447,2026:03:01 16:38:49
111MEDIA,DJI_0697.JPG,D:\drone\DCIM\111MEDIA\DJI_0697.JPG,-49.347270111111115,-27.396097833333332,535.447,2026:03:01 16:38:51
111MEDIA,DJI_0698.JPG,D:\drone\DCIM\111MEDIA\DJI_0698.JPG,-49.34726972222222,-27.39609725,534.347,2026:03:01 16:38:53
111MEDIA,DJI_0699.JPG,D:\drone\DCIM\111MEDIA\DJI_0699.JPG,-49.34727080555556,-27.396098638888887,535.398,2026:03:01 16:38:55
111MEDIA,DJI_0700.JPG,D:\drone\DCIM\111MEDIA\DJI_0700.JPG,-49.34727158333334,-27.396099055555556,535.193,2026:03:01 16:38:57
111MEDIA,DJI_0701.JPG,D:\drone\DCIM\111MEDIA\DJI_0701.JPG,-49.34727341666667,-27.396098583333334,535.227,2026:03:01 16:38:59
111MEDIA,DJI_0702.JPG,D:\drone\DCIM\111MEDIA\DJI_0702.JPG,-49.34727463888889,-27.396098305555554,535.28,2026:03:01 16:39:01
111MEDIA,DJI_0703.JPG,D:\drone\DCIM\111MEDIA\DJI_0703.JPG,-49.34727544444445,-27.396098555555554,535.319,2026:03:01 16:39:03
111MEDIA,DJI_0704.JPG,D:\drone\DCIM\111MEDIA\DJI_0704.JPG,-49.34726994444445,-27.396092944444444,535.201,2026:03:01 16:39:05
111MEDIA,DJI_0705.JPG,D:\drone\DCIM\111MEDIA\DJI_0705.JPG,-49.34726658333334,-27.396078361111112,535.197,2026:03:01 16:39:07
111MEDIA,DJI_0706.JPG,D:\drone\DCIM\111MEDIA\DJI_0706.JPG,-49.347263194444444,-27.39605922222222,535.202,2026:03:01 16:39:09
111MEDIA,DJI_0707.JPG,D:\drone\DCIM\111MEDIA\DJI_0707.JPG,-49.347269250000004,-27.39603786111111,535.212,2026:03:01 16:39:11
111MEDIA,DJI_0708.JPG,D:\drone\DCIM\111MEDIA\DJI_0708.JPG,-49.34726636111111,-27.396018555555553,535.166,2026:03:01 16:39:13
111MEDIA,DJI_0709.JPG,D:\drone\DCIM\111MEDIA\DJI_0709.JPG,-49.34718822222222,-27.395722416666665,535.319,2026:03:01 16:41:02
111MEDIA,DJI_0710.JPG,D:\drone\DCIM\111MEDIA\DJI_0710.JPG,-49.34718822222222,-27.395723027777777,535.319,2026:03:01 16:41:04
111MEDIA,DJI_0711.JPG,D:\drone\DCIM\111MEDIA\DJI_0711.JPG,-49.34718938888889,-27.395724666666666,535.319,2026:03:01 16:41:06
111MEDIA,DJI_0712.JPG,D:\drone\DCIM\111MEDIA\DJI_0712.JPG,-49.34719075,-27.395727805555556,535.319,2026:03:01 16:41:08
111MEDIA,DJI_0713.JPG,D:\drone\DCIM\111MEDIA\DJI_0713.JPG,-49.34717633333334,-27.39573875,535.319,2026:03:01 16:41:10
111MEDIA,DJI_0714.JPG,D:\drone\DCIM\111MEDIA\DJI_0714.JPG,-49.34717330555556,-27.395738583333333,535.319,2026:03:01 16:41:12
111MEDIA,DJI_0715.JPG,D:\drone\DCIM\111MEDIA\DJI_0715.JPG,-49.34716186111111,-27.39575477777778,535.319,2026:03:01 16:41:14
111MEDIA,DJI_0716.JPG,D:\drone\DCIM\111MEDIA\DJI_0716.JPG,-49.34716211111111,-27.39575563888889,535.319,2026:03:01 16:41:16
111MEDIA,DJI_0717.JPG,D:\drone\DCIM\111MEDIA\DJI_0717.JPG,-49.34716272222222,-27.39575647222222,535.319,2026:03:01 16:41:18
111MEDIA,DJI_0718.JPG,D:\drone\DCIM\111MEDIA\DJI_0718.JPG,-49.34716355555556,-27.39575725,535.319,2026:03:01 16:41:20
111MEDIA,DJI_0719.JPG,D:\drone\DCIM\111MEDIA\DJI_0719.JPG,-49.34716277777778,-27.395757694444445,535.319,2026:03:01 16:41:22
111MEDIA,DJI_0720.JPG,D:\drone\DCIM\111MEDIA\DJI_0720.JPG,-49.34716241666667,-27.395758416666666,535.319,2026:03:01 16:41:24
111MEDIA,DJI_0721.JPG,D:\drone\DCIM\111MEDIA\DJI_0721.JPG,-49.34716252777778,-27.395759388888887,535.319,2026:03:01 16:41:26
111MEDIA,DJI_0722.JPG,D:\drone\DCIM\111MEDIA\DJI_0722.JPG,-49.347163333333334,-27.395760305555555,535.319,2026:03:01 16:41:28
111MEDIA,DJI_0723.JPG,D:\drone\DCIM\111MEDIA\DJI_0723.JPG,-49.34716377777778,-27.39576072222222,535.319,2026:03:01 16:41:30
111MEDIA,DJI_0724.JPG,D:\drone\DCIM\111MEDIA\DJI_0724.JPG,-49.34716233333334,-27.39576183333333,535.119,2026:03:01 16:41:32
111MEDIA,DJI_0725.JPG,D:\drone\DCIM\111MEDIA\DJI_0725.JPG,-49.34715725,-27.395762277777777,535.119,2026:03:01 16:41:34
111MEDIA,DJI_0726.JPG,D:\drone\DCIM\111MEDIA\DJI_0726.JPG,-49.34713413888889,-27.395762527777777,535.119,2026:03:01 16:41:36
111MEDIA,DJI_0727.JPG,D:\drone\DCIM\111MEDIA\DJI_0727.JPG,-49.34711661111111,-27.395763444444444,535.119,2026:03:01 16:41:38
111MEDIA,DJI_0728.JPG,D:\drone\DCIM\111MEDIA\DJI_0728.JPG,-49.34709869444445,-27.395762472222223,535.119,2026:03:01 16:41:40
111MEDIA,DJI_0729.JPG,D:\drone\DCIM\111MEDIA\DJI_0729.JPG,-49.347098055555556,-27.395764416666665,535.119,2026:03:01 16:41:42
111MEDIA,DJI_0730.JPG,D:\drone\DCIM\111MEDIA\DJI_0730.JPG,-49.34709658333333,-27.3957655,535.119,2026:03:01 16:41:44
111MEDIA,DJI_0731.JPG,D:\drone\DCIM\111MEDIA\DJI_0731.JPG,-49.34709572222222,-27.395765305555557,535.119,2026:03:01 16:41:46
111MEDIA,DJI_0732.JPG,D:\drone\DCIM\111MEDIA\DJI_0732.JPG,-49.34709441666667,-27.395765305555557,535.119,2026:03:01 16:41:48
111MEDIA,DJI_0733.JPG,D:\drone\DCIM\111MEDIA\DJI_0733.JPG,-49.3470935,-27.39576525,534.919,2026:03:01 16:41:50
111MEDIA,DJI_0734.JPG,D:\drone\DCIM\111MEDIA\DJI_0734.JPG,-49.34709272222222,-27.39576588888889,534.919,2026:03:01 16:41:52
111MEDIA,DJI_0735.JPG,D:\drone\DCIM\111MEDIA\DJI_0735.JPG,-49.34709213888889,-27.395766722222223,534.919,2026:03:01 16:41:54
111MEDIA,DJI_0736.JPG,D:\drone\DCIM\111MEDIA\DJI_0736.JPG,-49.347090333333334,-27.395767916666667,534.919,2026:03:01 16:41:56
111MEDIA,DJI_0737.JPG,D:\drone\DCIM\111MEDIA\DJI_0737.JPG,-49.34708808333333,-27.39576897222222,534.919,2026:03:01 16:41:58
111MEDIA,DJI_0738.JPG,D:\drone\DCIM\111MEDIA\DJI_0738.JPG,-49.34706941666667,-27.395783277777777,534.919,2026:03:01 16:42:00
111MEDIA,DJI_0739.JPG,D:\drone\DCIM\111MEDIA\DJI_0739.JPG,-49.347061555555555,-27.395788055555556,534.919,2026:03:01 16:42:02
111MEDIA,DJI_0740.JPG,D:\drone\DCIM\111MEDIA\DJI_0740.JPG,-49.34706052777778,-27.395787694444444,534.919,2026:03:01 16:42:04
111MEDIA,DJI_0741.JPG,D:\drone\DCIM\111MEDIA\DJI_0741.JPG,-49.34705952777778,-27.395789055555554,534.919,2026:03:01 16:42:06
111MEDIA,DJI_0742.JPG,D:\drone\DCIM\111MEDIA\DJI_0742.JPG,-49.34705866666667,-27.395789861111112,534.919,2026:03:01 16:42:08
111MEDIA,DJI_0743.JPG,D:\drone\DCIM\111MEDIA\DJI_0743.JPG,-49.34705841666667,-27.395789999999998,534.919,2026:03:01 16:42:10
111MEDIA,DJI_0744.JPG,D:\drone\DCIM\111MEDIA\DJI_0744.JPG,-49.3470585,-27.39578961111111,534.919,2026:03:01 16:42:12
111MEDIA,DJI_0745.JPG,D:\drone\DCIM\111MEDIA\DJI_0745.JPG,-49.34705805555556,-27.395789722222222,534.919,2026:03:01 16:42:14
111MEDIA,DJI_0746.JPG,D:\drone\DCIM\111MEDIA\DJI_0746.JPG,-49.34706005555556,-27.395790194444444,534.919,2026:03:01 16:42:16
111MEDIA,DJI_0747.JPG,D:\drone\DCIM\111MEDIA\DJI_0747.JPG,-49.34706658333334,-27.395795083333333,534.919,2026:03:01 16:42:18
111MEDIA,DJI_0748.JPG,D:\drone\DCIM\111MEDIA\DJI_0748.JPG,-49.347068444444446,-27.395798111111112,534.919,2026:03:01 16:42:20
111MEDIA,DJI_0749.JPG,D:\drone\DCIM\111MEDIA\DJI_0749.JPG,-49.347072250000004,-27.395813277777776,534.919,2026:03:01 16:42:22
111MEDIA,DJI_0750.JPG,D:\drone\DCIM\111MEDIA\DJI_0750.JPG,-49.34707238888889,-27.395813694444445,534.919,2026:03:01 16:42:25
111MEDIA,DJI_0751.JPG,D:\drone\DCIM\111MEDIA\DJI_0751.JPG,-49.34707288888889,-27.395813805555555,534.919,2026:03:01 16:42:26
111MEDIA,DJI_0752.JPG,D:\drone\DCIM\111MEDIA\DJI_0752.JPG,-49.34707347222223,-27.395814305555554,534.919,2026:03:01 16:42:28
111MEDIA,DJI_0753.JPG,D:\drone\DCIM\111MEDIA\DJI_0753.JPG,-49.34707341666667,-27.395815055555556,534.919,2026:03:01 16:42:30
111MEDIA,DJI_0754.JPG,D:\drone\DCIM\111MEDIA\DJI_0754.JPG,-49.34707277777778,-27.39581527777778,534.919,2026:03:01 16:42:32
111MEDIA,DJI_0755.JPG,D:\drone\DCIM\111MEDIA\DJI_0755.JPG,-49.347074222222226,-27.395819083333333,534.919,2026:03:01 16:42:34
111MEDIA,DJI_0756.JPG,D:\drone\DCIM\111MEDIA\DJI_0756.JPG,-49.34707741666667,-27.395826472222222,534.919,2026:03:01 16:42:36
111MEDIA,DJI_0757.JPG,D:\drone\DCIM\111MEDIA\DJI_0757.JPG,-49.347078305555556,-27.39583497222222,534.919,2026:03:01 16:42:38
111MEDIA,DJI_0758.JPG,D:\drone\DCIM\111MEDIA\DJI_0758.JPG,-49.34707922222223,-27.39584375,534.919,2026:03:01 16:42:40
111MEDIA,DJI_0759.JPG,D:\drone\DCIM\111MEDIA\DJI_0759.JPG,-49.34708333333334,-27.395852138888888,534.819,2026:03:01 16:42:42
111MEDIA,DJI_0760.JPG,D:\drone\DCIM\111MEDIA\DJI_0760.JPG,-49.34708527777778,-27.39586313888889,534.819,2026:03:01 16:42:44
111MEDIA,DJI_0761.JPG,D:\drone\DCIM\111MEDIA\DJI_0761.JPG,-49.347085194444446,-27.39587088888889,534.819,2026:03:01 16:42:46
111MEDIA,DJI_0762.JPG,D:\drone\DCIM\111MEDIA\DJI_0762.JPG,-49.34708286111111,-27.395881194444446,534.819,2026:03:01 16:42:48
111MEDIA,DJI_0763.JPG,D:\drone\DCIM\111MEDIA\DJI_0763.JPG,-49.34708008333334,-27.395896416666666,534.819,2026:03:01 16:42:50
111MEDIA,DJI_0764.JPG,D:\drone\DCIM\111MEDIA\DJI_0764.JPG,-49.34707313888889,-27.395909944444444,534.819,2026:03:01 16:42:52
111MEDIA,DJI_0765.JPG,D:\drone\DCIM\111MEDIA\DJI_0765.JPG,-49.34706138888889,-27.39591788888889,534.819,2026:03:01 16:42:54
111MEDIA,DJI_0766.JPG,D:\drone\DCIM\111MEDIA\DJI_0766.JPG,-49.34705075,-27.395922694444444,534.819,2026:03:01 16:42:56
111MEDIA,DJI_0767.JPG,D:\drone\DCIM\111MEDIA\DJI_0767.JPG,-49.34704552777778,-27.395923944444444,534.819,2026:03:01 16:42:58
111MEDIA,DJI_0768.JPG,D:\drone\DCIM\111MEDIA\DJI_0768.JPG,-49.34704127777778,-27.395924138888887,534.819,2026:03:01 16:43:00
111MEDIA,DJI_0769.JPG,D:\drone\DCIM\111MEDIA\DJI_0769.JPG,-49.347040694444445,-27.395923833333335,534.819,2026:03:01 16:43:02
111MEDIA,DJI_0770.JPG,D:\drone\DCIM\111MEDIA\DJI_0770.JPG,-49.34704266666667,-27.39592352777778,534.919,2026:03:01 16:43:04
111MEDIA,DJI_0771.JPG,D:\drone\DCIM\111MEDIA\DJI_0771.JPG,-49.347045333333334,-27.395923194444443,534.819,2026:03:01 16:43:06
111MEDIA,DJI_0772.JPG,D:\drone\DCIM\111MEDIA\DJI_0772.JPG,-49.3470475,-27.395923194444443,534.919,2026:03:01 16:43:08
111MEDIA,DJI_0773.JPG,D:\drone\DCIM\111MEDIA\DJI_0773.JPG,-49.34704844444445,-27.395924083333334,534.819,2026:03:01 16:43:10
111MEDIA,DJI_0774.JPG,D:\drone\DCIM\111MEDIA\DJI_0774.JPG,-49.347049444444444,-27.395924805555556,534.819,2026:03:01 16:43:12
111MEDIA,DJI_0775.JPG,D:\drone\DCIM\111MEDIA\DJI_0775.JPG,-49.3470535,-27.395927999999998,534.819,2026:03:01 16:43:15
111MEDIA,DJI_0776.JPG,D:\drone\DCIM\111MEDIA\DJI_0776.JPG,-49.34706333333334,-27.395935694444443,534.419,2026:03:01 16:43:16
111MEDIA,DJI_0777.JPG,D:\drone\DCIM\111MEDIA\DJI_0777.JPG,-49.34707319444445,-27.39594863888889,534.419,2026:03:01 16:43:18
111MEDIA,DJI_0778.JPG,D:\drone\DCIM\111MEDIA\DJI_0778.JPG,-49.34707252777778,-27.395953305555555,534.319,2026:03:01 16:43:20
111MEDIA,DJI_0779.JPG,D:\drone\DCIM\111MEDIA\DJI_0779.JPG,-49.347060222222225,-27.39596575,534.319,2026:03:01 16:43:22
111MEDIA,DJI_0780.JPG,D:\drone\DCIM\111MEDIA\DJI_0780.JPG,-49.347059055555555,-27.39596813888889,534.319,2026:03:01 16:43:24
111MEDIA,DJI_0781.JPG,D:\drone\DCIM\111MEDIA\DJI_0781.JPG,-49.347054472222226,-27.395974944444443,534.319,2026:03:01 16:43:26
111MEDIA,DJI_0782.JPG,D:\drone\DCIM\111MEDIA\DJI_0782.JPG,-49.34703116666667,-27.396001777777776,534.319,2026:03:01 16:43:28
111MEDIA,DJI_0783.JPG,D:\drone\DCIM\111MEDIA\DJI_0783.JPG,-49.34701758333333,-27.39602038888889,534.319,2026:03:01 16:43:30
111MEDIA,DJI_0784.JPG,D:\drone\DCIM\111MEDIA\DJI_0784.JPG,-49.34701783333333,-27.39602097222222,534.319,2026:03:01 16:43:32
111MEDIA,DJI_0785.JPG,D:\drone\DCIM\111MEDIA\DJI_0785.JPG,-49.34701855555556,-27.39602175,534.319,2026:03:01 16:43:34
111MEDIA,DJI_0786.JPG,D:\drone\DCIM\111MEDIA\DJI_0786.JPG,-49.347018750000004,-27.396022444444444,534.319,2026:03:01 16:43:36
111MEDIA,DJI_0787.JPG,D:\drone\DCIM\111MEDIA\DJI_0787.JPG,-49.34702222222222,-27.39602461111111,534.319,2026:03:01 16:43:38
111MEDIA,DJI_0788.JPG,D:\drone\DCIM\111MEDIA\DJI_0788.JPG,-49.347031,-27.396028944444446,534.319,2026:03:01 16:43:40
111MEDIA,DJI_0789.JPG,D:\drone\DCIM\111MEDIA\DJI_0789.JPG,-49.347061611111116,-27.396042833333333,534.319,2026:03:01 16:43:42
111MEDIA,DJI_0790.JPG,D:\drone\DCIM\111MEDIA\DJI_0790.JPG,-49.34709105555556,-27.396059277777777,534.319,2026:03:01 16:43:44
111MEDIA,DJI_0791.JPG,D:\drone\DCIM\111MEDIA\DJI_0791.JPG,-49.34709680555556,-27.39606336111111,534.319,2026:03:01 16:43:46
111MEDIA,DJI_0792.JPG,D:\drone\DCIM\111MEDIA\DJI_0792.JPG,-49.347096722222226,-27.396064083333332,534.319,2026:03:01 16:43:48
111MEDIA,DJI_0793.JPG,D:\drone\DCIM\111MEDIA\DJI_0793.JPG,-49.347096944444445,-27.396064083333332,534.319,2026:03:01 16:43:50
111MEDIA,DJI_0794.JPG,D:\drone\DCIM\111MEDIA\DJI_0794.JPG,-49.34709625,-27.396064444444445,534.319,2026:03:01 16:43:52
111MEDIA,DJI_0795.JPG,D:\drone\DCIM\111MEDIA\DJI_0795.JPG,-49.34709616666667,-27.396064444444445,534.319,2026:03:01 16:43:54
111MEDIA,DJI_0796.JPG,D:\drone\DCIM\111MEDIA\DJI_0796.JPG,-49.34709897222223,-27.396056722222223,534.319,2026:03:01 16:43:56
111MEDIA,DJI_0797.JPG,D:\drone\DCIM\111MEDIA\DJI_0797.JPG,-49.347100805555556,-27.396055694444446,534.319,2026:03:01 16:43:58
111MEDIA,DJI_0798.JPG,D:\drone\DCIM\111MEDIA\DJI_0798.JPG,-49.347117833333336,-27.39605013888889,534.319,2026:03:01 16:44:00
111MEDIA,DJI_0799.JPG,D:\drone\DCIM\111MEDIA\DJI_0799.JPG,-49.347119194444446,-27.396051666666665,534.319,2026:03:01 16:44:02
111MEDIA,DJI_0800.JPG,D:\drone\DCIM\111MEDIA\DJI_0800.JPG,-49.34711913888889,-27.39605275,534.319,2026:03:01 16:44:04
111MEDIA,DJI_0801.JPG,D:\drone\DCIM\111MEDIA\DJI_0801.JPG,-49.347119250000006,-27.396054916666667,534.319,2026:03:01 16:44:06
111MEDIA,DJI_0802.JPG,D:\drone\DCIM\111MEDIA\DJI_0802.JPG,-49.347120000000004,-27.396056527777777,534.319,2026:03:01 16:44:08
111MEDIA,DJI_0803.JPG,D:\drone\DCIM\111MEDIA\DJI_0803.JPG,-49.34712016666667,-27.396058,534.319,2026:03:01 16:44:10
111MEDIA,DJI_0804.JPG,D:\drone\DCIM\111MEDIA\DJI_0804.JPG,-49.34711961111111,-27.396058333333333,534.319,2026:03:01 16:44:12
111MEDIA,DJI_0805.JPG,D:\drone\DCIM\111MEDIA\DJI_0805.JPG,-49.34712019444445,-27.396058055555557,534.219,2026:03:01 16:44:14
111MEDIA,DJI_0806.JPG,D:\drone\DCIM\111MEDIA\DJI_0806.JPG,-49.34712116666667,-27.396059,533.619,2026:03:01 16:44:16
111MEDIA,DJI_0807.JPG,D:\drone\DCIM\111MEDIA\DJI_0807.JPG,-49.347121916666666,-27.396059777777776,533.519,2026:03:01 16:44:18
111MEDIA,DJI_0808.JPG,D:\drone\DCIM\111MEDIA\DJI_0808.JPG,-49.34712213888889,-27.39605988888889,533.519,2026:03:01 16:44:20
111MEDIA,DJI_0809.JPG,D:\drone\DCIM\111MEDIA\DJI_0809.JPG,-49.34712286111111,-27.396057805555554,533.519,2026:03:01 16:44:22
111MEDIA,DJI_0810.JPG,D:\drone\DCIM\111MEDIA\DJI_0810.JPG,-49.3471245,-27.39604588888889,533.519,2026:03:01 16:44:24
111MEDIA,DJI_0811.JPG,D:\drone\DCIM\111MEDIA\DJI_0811.JPG,-49.347126583333335,-27.39602988888889,533.519,2026:03:01 16:44:26
111MEDIA,DJI_0812.JPG,D:\drone\DCIM\111MEDIA\DJI_0812.JPG,-49.34712841666667,-27.396016916666667,533.519,2026:03:01 16:44:28
111MEDIA,DJI_0813.JPG,D:\drone\DCIM\111MEDIA\DJI_0813.JPG,-49.347128861111116,-27.396017861111112,533.519,2026:03:01 16:44:30
111MEDIA,DJI_0814.JPG,D:\drone\DCIM\111MEDIA\DJI_0814.JPG,-49.34712805555556,-27.39601808333333,533.519,2026:03:01 16:44:32
111MEDIA,DJI_0815.JPG,D:\drone\DCIM\111MEDIA\DJI_0815.JPG,-49.34712761111111,-27.39601861111111,533.519,2026:03:01 16:44:34
111MEDIA,DJI_0816.JPG,D:\drone\DCIM\111MEDIA\DJI_0816.JPG,-49.34712811111111,-27.39601797222222,533.419,2026:03:01 16:44:36
111MEDIA,DJI_0817.JPG,D:\drone\DCIM\111MEDIA\DJI_0817.JPG,-49.347128500000004,-27.396017861111112,533.419,2026:03:01 16:44:38
111MEDIA,DJI_0818.JPG,D:\drone\DCIM\111MEDIA\DJI_0818.JPG,-49.34712877777778,-27.396017444444443,533.519,2026:03:01 16:44:40
111MEDIA,DJI_0819.JPG,D:\drone\DCIM\111MEDIA\DJI_0819.JPG,-49.34712938888889,-27.39601661111111,533.519,2026:03:01 16:44:42
111MEDIA,DJI_0820.JPG,D:\drone\DCIM\111MEDIA\DJI_0820.JPG,-49.347129583333334,-27.396016499999998,533.519,2026:03:01 16:44:44
111MEDIA,DJI_0821.JPG,D:\drone\DCIM\111MEDIA\DJI_0821.JPG,-49.34712994444445,-27.396016305555555,533.419,2026:03:01 16:44:46
111MEDIA,DJI_0822.JPG,D:\drone\DCIM\111MEDIA\DJI_0822.JPG,-49.34712977777778,-27.396016333333332,533.519,2026:03:01 16:44:48
111MEDIA,DJI_0823.JPG,D:\drone\DCIM\111MEDIA\DJI_0823.JPG,-49.347129583333334,-27.396016944444444,533.519,2026:03:01 16:44:50
111MEDIA,DJI_0824.JPG,D:\drone\DCIM\111MEDIA\DJI_0824.JPG,-49.34713008333333,-27.396017027777777,533.519,2026:03:01 16:44:52
111MEDIA,DJI_0825.JPG,D:\drone\DCIM\111MEDIA\DJI_0825.JPG,-49.34712877777778,-27.396017194444443,533.519,2026:03:01 16:44:54
111MEDIA,DJI_0826.JPG,D:\drone\DCIM\111MEDIA\DJI_0826.JPG,-49.347118083333335,-27.396018388888887,533.519,2026:03:01 16:44:56
111MEDIA,DJI_0827.JPG,D:\drone\DCIM\111MEDIA\DJI_0827.JPG,-49.347106361111116,-27.396017694444446,533.319,2026:03:01 16:44:58
111MEDIA,DJI_0828.JPG,D:\drone\DCIM\111MEDIA\DJI_0828.JPG,-49.347106333333336,-27.396017722222222,533.219,2026:03:01 16:45:00
111MEDIA,DJI_0829.JPG,D:\drone\DCIM\111MEDIA\DJI_0829.JPG,-49.34708994444445,-27.39601933333333,533.119,2026:03:01 16:45:02
111MEDIA,DJI_0830.JPG,D:\drone\DCIM\111MEDIA\DJI_0830.JPG,-49.34707708333334,-27.396018055555555,533.119,2026:03:01 16:45:04
111MEDIA,DJI_0831.JPG,D:\drone\DCIM\111MEDIA\DJI_0831.JPG,-49.34707705555556,-27.39601761111111,533.119,2026:03:01 16:45:06
111MEDIA,DJI_0832.JPG,D:\drone\DCIM\111MEDIA\DJI_0832.JPG,-49.34707766666667,-27.39601775,533.119,2026:03:01 16:45:08
111MEDIA,DJI_0833.JPG,D:\drone\DCIM\111MEDIA\DJI_0833.JPG,-49.34707777777778,-27.39601861111111,533.119,2026:03:01 16:45:10
111MEDIA,DJI_0834.JPG,D:\drone\DCIM\111MEDIA\DJI_0834.JPG,-49.34707733333334,-27.396019444444445,533.119,2026:03:01 16:45:12
111MEDIA,DJI_0835.JPG,D:\drone\DCIM\111MEDIA\DJI_0835.JPG,-49.347077444444444,-27.39601925,533.119,2026:03:01 16:45:14
111MEDIA,DJI_0836.JPG,D:\drone\DCIM\111MEDIA\DJI_0836.JPG,-49.34707741666667,-27.396019916666667,533.219,2026:03:01 16:45:16
111MEDIA,DJI_0837.JPG,D:\drone\DCIM\111MEDIA\DJI_0837.JPG,-49.34707841666667,-27.396019555555554,533.219,2026:03:01 16:45:18
111MEDIA,DJI_0838.JPG,D:\drone\DCIM\111MEDIA\DJI_0838.JPG,-49.34707852777778,-27.396018555555553,533.119,2026:03:01 16:45:20
111MEDIA,DJI_0839.JPG,D:\drone\DCIM\111MEDIA\DJI_0839.JPG,-49.34707813888889,-27.396017027777777,533.019,2026:03:01 16:45:22
111MEDIA,DJI_0840.JPG,D:\drone\DCIM\111MEDIA\DJI_0840.JPG,-49.347077472222225,-27.396015777777777,532.919,2026:03:01 16:45:24
111MEDIA,DJI_0841.JPG,D:\drone\DCIM\111MEDIA\DJI_0841.JPG,-49.34707741666667,-27.396014527777776,532.919,2026:03:01 16:45:26
111MEDIA,DJI_0842.JPG,D:\drone\DCIM\111MEDIA\DJI_0842.JPG,-49.34707663888889,-27.39601227777778,532.519,2026:03:01 16:45:28
111MEDIA,DJI_0843.JPG,D:\drone\DCIM\111MEDIA\DJI_0843.JPG,-49.347077000000006,-27.396011416666667,532.519,2026:03:01 16:45:30
111MEDIA,DJI_0844.JPG,D:\drone\DCIM\111MEDIA\DJI_0844.JPG,-49.34707758333334,-27.396011416666667,532.519,2026:03:01 16:45:32
111MEDIA,DJI_0845.JPG,D:\drone\DCIM\111MEDIA\DJI_0845.JPG,-49.34706775,-27.396018305555554,532.519,2026:03:01 16:45:34
111MEDIA,DJI_0846.JPG,D:\drone\DCIM\111MEDIA\DJI_0846.JPG,-49.34704641666667,-27.396028555555556,532.519,2026:03:01 16:45:36
111MEDIA,DJI_0847.JPG,D:\drone\DCIM\111MEDIA\DJI_0847.JPG,-49.347034666666666,-27.396033055555556,534.019,2026:03:01 16:45:38
111MEDIA,DJI_0848.JPG,D:\drone\DCIM\111MEDIA\DJI_0848.JPG,-49.34703575,-27.396031861111112,534.319,2026:03:01 16:45:40
111MEDIA,DJI_0849.JPG,D:\drone\DCIM\111MEDIA\DJI_0849.JPG,-49.347036,-27.396031999999998,534.319,2026:03:01 16:45:42
111MEDIA,DJI_0850.JPG,D:\drone\DCIM\111MEDIA\DJI_0850.JPG,-49.34701972222222,-27.39603908333333,534.319,2026:03:01 16:45:44
111MEDIA,DJI_0851.JPG,D:\drone\DCIM\111MEDIA\DJI_0851.JPG,-49.34700713888889,-27.396039555555554,534.319,2026:03:01 16:45:46
111MEDIA,DJI_0852.JPG,D:\drone\DCIM\111MEDIA\DJI_0852.JPG,-49.34700763888889,-27.39603961111111,534.319,2026:03:01 16:45:48
111MEDIA,DJI_0853.JPG,D:\drone\DCIM\111MEDIA\DJI_0853.JPG,-49.34700788888889,-27.396039833333333,534.319,2026:03:01 16:45:50
111MEDIA,DJI_0854.JPG,D:\drone\DCIM\111MEDIA\DJI_0854.JPG,-49.34700791666667,-27.39603908333333,534.819,2026:03:01 16:45:52
111MEDIA,DJI_0855.JPG,D:\drone\DCIM\111MEDIA\DJI_0855.JPG,-49.347008361111115,-27.396038555555556,537.519,2026:03:01 16:45:54
111MEDIA,DJI_0856.JPG,D:\drone\DCIM\111MEDIA\DJI_0856.JPG,-49.34700952777778,-27.396037555555555,540.119,2026:03:01 16:45:56
111MEDIA,DJI_0857.JPG,D:\drone\DCIM\111MEDIA\DJI_0857.JPG,-49.347009472222226,-27.396036583333334,540.519,2026:03:01 16:45:58
111MEDIA,DJI_0858.JPG,D:\drone\DCIM\111MEDIA\DJI_0858.JPG,-49.347010555555556,-27.39603647222222,540.619,2026:03:01 16:46:00
111MEDIA,DJI_0859.JPG,D:\drone\DCIM\111MEDIA\DJI_0859.JPG,-49.34701066666667,-27.396036583333334,540.719,2026:03:01 16:46:02
111MEDIA,DJI_0860.JPG,D:\drone\DCIM\111MEDIA\DJI_0860.JPG,-49.34701066666667,-27.39603586111111,540.819,2026:03:01 16:46:04
111MEDIA,DJI_0861.JPG,D:\drone\DCIM\111MEDIA\DJI_0861.JPG,-49.34701144444445,-27.396035083333334,540.819,2026:03:01 16:46:06
111MEDIA,DJI_0862.JPG,D:\drone\DCIM\111MEDIA\DJI_0862.JPG,-49.34701166666667,-27.39603497222222,540.919,2026:03:01 16:46:08
111MEDIA,DJI_0863.JPG,D:\drone\DCIM\111MEDIA\DJI_0863.JPG,-49.34701144444445,-27.396034555555556,540.919,2026:03:01 16:46:10
111MEDIA,DJI_0864.JPG,D:\drone\DCIM\111MEDIA\DJI_0864.JPG,-49.34701169444445,-27.396035472222223,541.019,2026:03:01 16:46:12
111MEDIA,DJI_0865.JPG,D:\drone\DCIM\111MEDIA\DJI_0865.JPG,-49.34701213888889,-27.396036277777778,541.019,2026:03:01 16:46:14
111MEDIA,DJI_0866.JPG,D:\drone\DCIM\111MEDIA\DJI_0866.JPG,-49.347011388888895,-27.396035944444446,541.719,2026:03:01 16:46:16
111MEDIA,DJI_0867.JPG,D:\drone\DCIM\111MEDIA\DJI_0867.JPG,-49.34701186111111,-27.396034333333333,543.019,2026:03:01 16:46:18
111MEDIA,DJI_0868.JPG,D:\drone\DCIM\111MEDIA\DJI_0868.JPG,-49.34701072222222,-27.39603361111111,543.119,2026:03:01 16:46:20
111MEDIA,DJI_0869.JPG,D:\drone\DCIM\111MEDIA\DJI_0869.JPG,-49.34700991666667,-27.396035527777777,544.419,2026:03:01 16:46:22
111MEDIA,DJI_0870.JPG,D:\drone\DCIM\111MEDIA\DJI_0870.JPG,-49.34700730555556,-27.396036194444445,546.519,2026:03:01 16:46:24
111MEDIA,DJI_0871.JPG,D:\drone\DCIM\111MEDIA\DJI_0871.JPG,-49.34701013888889,-27.396035944444446,549.919,2026:03:01 16:46:26
111MEDIA,DJI_0872.JPG,D:\drone\DCIM\111MEDIA\DJI_0872.JPG,-49.34701125,-27.396034944444445,553.019,2026:03:01 16:46:28
111MEDIA,DJI_0873.JPG,D:\drone\DCIM\111MEDIA\DJI_0873.JPG,-49.34700272222222,-27.396013944444444,553.119,2026:03:01 16:46:30
111MEDIA,DJI_0874.JPG,D:\drone\DCIM\111MEDIA\DJI_0874.JPG,-49.34698791666667,-27.395982444444442,553.119,2026:03:01 16:46:32
111MEDIA,DJI_0875.JPG,D:\drone\DCIM\111MEDIA\DJI_0875.JPG,-49.34699075,-27.395981583333334,553.019,2026:03:01 16:46:34
111MEDIA,DJI_0876.JPG,D:\drone\DCIM\111MEDIA\DJI_0876.JPG,-49.346989722222226,-27.39598572222222,553.019,2026:03:01 16:46:36
111MEDIA,DJI_0877.JPG,D:\drone\DCIM\111MEDIA\DJI_0877.JPG,-49.34697947222222,-27.395970583333334,552.919,2026:03:01 16:46:38
111MEDIA,DJI_0878.JPG,D:\drone\DCIM\111MEDIA\DJI_0878.JPG,-49.34695402777778,-27.395904527777777,553.019,2026:03:01 16:46:40
111MEDIA,DJI_0879.JPG,D:\drone\DCIM\111MEDIA\DJI_0879.JPG,-49.346954833333335,-27.39588322222222,553.019,2026:03:01 16:46:42
111MEDIA,DJI_0880.JPG,D:\drone\DCIM\111MEDIA\DJI_0880.JPG,-49.34694722222223,-27.395872666666666,553.019,2026:03:01 16:46:44
111MEDIA,DJI_0881.JPG,D:\drone\DCIM\111MEDIA\DJI_0881.JPG,-49.34693444444445,-27.395856916666666,553.119,2026:03:01 16:46:46
111MEDIA,DJI_0882.JPG,D:\drone\DCIM\111MEDIA\DJI_0882.JPG,-49.34691736111111,-27.395842833333333,553.119,2026:03:01 16:46:48
111MEDIA,DJI_0883.JPG,D:\drone\DCIM\111MEDIA\DJI_0883.JPG,-49.346914250000005,-27.395841833333332,551.319,2026:03:01 16:46:50
111MEDIA,DJI_0884.JPG,D:\drone\DCIM\111MEDIA\DJI_0884.JPG,-49.34691408333334,-27.395843694444444,546.619,2026:03:01 16:46:52
111MEDIA,DJI_0885.JPG,D:\drone\DCIM\111MEDIA\DJI_0885.JPG,-49.34691552777778,-27.395842944444443,543.919,2026:03:01 16:46:54
111MEDIA,DJI_0886.JPG,D:\drone\DCIM\111MEDIA\DJI_0886.JPG,-49.3469175,-27.395843888888887,542.819,2026:03:01 16:46:56
111MEDIA,DJI_0887.JPG,D:\drone\DCIM\111MEDIA\DJI_0887.JPG,-49.34691755555556,-27.395844166666667,542.319,2026:03:01 16:46:58
111MEDIA,DJI_0888.JPG,D:\drone\DCIM\111MEDIA\DJI_0888.JPG,-49.3469175,-27.395843888888887,541.619,2026:03:01 16:47:00
111MEDIA,DJI_0889.JPG,D:\drone\DCIM\111MEDIA\DJI_0889.JPG,-49.346917222222224,-27.39584436111111,541.219,2026:03:01 16:47:03
111MEDIA,DJI_0890.JPG,D:\drone\DCIM\111MEDIA\DJI_0890.JPG,-49.346915833333334,-27.39584463888889,541.219,2026:03:01 16:47:04
111MEDIA,DJI_0891.JPG,D:\drone\DCIM\111MEDIA\DJI_0891.JPG,-49.34691475,-27.39584361111111,541.319,2026:03:01 16:47:06
111MEDIA,DJI_0892.JPG,D:\drone\DCIM\111MEDIA\DJI_0892.JPG,-49.346917833333336,-27.39584333333333,541.319,2026:03:01 16:47:08
111MEDIA,DJI_0893.JPG,D:\drone\DCIM\111MEDIA\DJI_0893.JPG,-49.346918583333334,-27.39584261111111,541.219,2026:03:01 16:47:10
111MEDIA,DJI_0894.JPG,D:\drone\DCIM\111MEDIA\DJI_0894.JPG,-49.346925472222225,-27.395837333333333,540.319,2026:03:01 16:47:12
111MEDIA,DJI_0895.JPG,D:\drone\DCIM\111MEDIA\DJI_0895.JPG,-49.346932083333336,-27.395836083333332,538.019,2026:03:01 16:47:14
111MEDIA,DJI_0896.JPG,D:\drone\DCIM\111MEDIA\DJI_0896.JPG,-49.346950222222226,-27.395828027777778,536.119,2026:03:01 16:47:16
111MEDIA,DJI_0897.JPG,D:\drone\DCIM\111MEDIA\DJI_0897.JPG,-49.346950944444444,-27.395828527777777,536.919,2026:03:01 16:47:18
111MEDIA,DJI_0898.JPG,D:\drone\DCIM\111MEDIA\DJI_0898.JPG,-49.34695091666667,-27.3958275,536.819,2026:03:01 16:47:20
111MEDIA,DJI_0899.JPG,D:\drone\DCIM\111MEDIA\DJI_0899.JPG,-49.34695066666667,-27.395827666666666,536.719,2026:03:01 16:47:22
111MEDIA,DJI_0900.JPG,D:\drone\DCIM\111MEDIA\DJI_0900.JPG,-49.34695063888889,-27.395827416666666,536.619,2026:03:01 16:47:24
111MEDIA,DJI_0901.JPG,D:\drone\DCIM\111MEDIA\DJI_0901.JPG,-49.34695091666667,-27.395827527777776,536.619,2026:03:01 16:47:26
111MEDIA,DJI_0902.JPG,D:\drone\DCIM\111MEDIA\DJI_0902.JPG,-49.346951277777784,-27.39582775,536.619,2026:03:01 16:47:28
111MEDIA,DJI_0903.JPG,D:\drone\DCIM\111MEDIA\DJI_0903.JPG,-49.34695105555556,-27.395827472222223,536.419,2026:03:01 16:47:30
111MEDIA,DJI_0904.JPG,D:\drone\DCIM\111MEDIA\DJI_0904.JPG,-49.346950444444445,-27.395827083333334,536.319,2026:03:01 16:47:32
111MEDIA,DJI_0905.JPG,D:\drone\DCIM\111MEDIA\DJI_0905.JPG,-49.34695036111111,-27.395827444444443,536.319,2026:03:01 16:47:34
111MEDIA,DJI_0906.JPG,D:\drone\DCIM\111MEDIA\DJI_0906.JPG,-49.34695063888889,-27.395827666666666,535.219,2026:03:01 16:47:36
111MEDIA,DJI_0907.JPG,D:\drone\DCIM\111MEDIA\DJI_0907.JPG,-49.346952361111114,-27.395822694444444,534.919,2026:03:01 16:47:38
111MEDIA,DJI_0908.JPG,D:\drone\DCIM\111MEDIA\DJI_0908.JPG,-49.346956472222224,-27.3958175,534.619,2026:03:01 16:47:40
111MEDIA,DJI_0909.JPG,D:\drone\DCIM\111MEDIA\DJI_0909.JPG,-49.34695772222222,-27.395817444444443,534.619,2026:03:01 16:47:42
111MEDIA,DJI_0910.JPG,D:\drone\DCIM\111MEDIA\DJI_0910.JPG,-49.34695611111111,-27.395816083333333,535.019,2026:03:01 16:47:44
111MEDIA,DJI_0911.JPG,D:\drone\DCIM\111MEDIA\DJI_0911.JPG,-49.34695080555556,-27.395811444444444,535.119,2026:03:01 16:47:46
111MEDIA,DJI_0912.JPG,D:\drone\DCIM\111MEDIA\DJI_0912.JPG,-49.346939694444444,-27.39580461111111,535.119,2026:03:01 16:47:48
111MEDIA,DJI_0913.JPG,D:\drone\DCIM\111MEDIA\DJI_0913.JPG,-49.346940583333335,-27.395801694444444,535.019,2026:03:01 16:47:50
111MEDIA,DJI_0914.JPG,D:\drone\DCIM\111MEDIA\DJI_0914.JPG,-49.346928472222224,-27.395801527777778,535.119,2026:03:01 16:47:52
111MEDIA,DJI_0915.JPG,D:\drone\DCIM\111MEDIA\DJI_0915.JPG,-49.34690975,-27.39579561111111,535.119,2026:03:01 16:47:54
111MEDIA,DJI_0916.JPG,D:\drone\DCIM\111MEDIA\DJI_0916.JPG,-49.34689863888889,-27.395791305555555,535.119,2026:03:01 16:47:56
111MEDIA,DJI_0917.JPG,D:\drone\DCIM\111MEDIA\DJI_0917.JPG,-49.34689769444444,-27.395789999999998,536.219,2026:03:01 16:47:58
111MEDIA,DJI_0918.JPG,D:\drone\DCIM\111MEDIA\DJI_0918.JPG,-49.34689216666667,-27.395787,536.319,2026:03:01 16:48:00
111MEDIA,DJI_0919.JPG,D:\drone\DCIM\111MEDIA\DJI_0919.JPG,-49.34687788888889,-27.395776916666666,536.319,2026:03:01 16:48:02
111MEDIA,DJI_0920.JPG,D:\drone\DCIM\111MEDIA\DJI_0920.JPG,-49.346879694444446,-27.395774694444444,536.319,2026:03:01 16:48:04
111MEDIA,DJI_0921.JPG,D:\drone\DCIM\111MEDIA\DJI_0921.JPG,-49.346879333333334,-27.395774833333334,536.319,2026:03:01 16:48:06
111MEDIA,DJI_0922.JPG,D:\drone\DCIM\111MEDIA\DJI_0922.JPG,-49.346879944444446,-27.39577461111111,536.319,2026:03:01 16:48:08
111MEDIA,DJI_0923.JPG,D:\drone\DCIM\111MEDIA\DJI_0923.JPG,-49.34688038888889,-27.395774694444444,536.319,2026:03:01 16:48:10
111MEDIA,DJI_0924.JPG,D:\drone\DCIM\111MEDIA\DJI_0924.JPG,-49.34688127777778,-27.39577461111111,536.219,2026:03:01 16:48:12
111MEDIA,DJI_0925.JPG,D:\drone\DCIM\111MEDIA\DJI_0925.JPG,-49.34688111111112,-27.395775472222223,536.019,2026:03:01 16:48:14
111MEDIA,DJI_0926.JPG,D:\drone\DCIM\111MEDIA\DJI_0926.JPG,-49.34688127777778,-27.395774888888887,536.019,2026:03:01 16:48:16
111MEDIA,DJI_0927.JPG,D:\drone\DCIM\111MEDIA\DJI_0927.JPG,-49.34688144444445,-27.395768277777776,536.819,2026:03:01 16:48:18
111MEDIA,DJI_0928.JPG,D:\drone\DCIM\111MEDIA\DJI_0928.JPG,-49.34687758333334,-27.395744305555557,536.719,2026:03:01 16:48:20
111MEDIA,DJI_0929.JPG,D:\drone\DCIM\111MEDIA\DJI_0929.JPG,-49.34688091666667,-27.39573436111111,536.719,2026:03:01 16:48:22
111MEDIA,DJI_0930.JPG,D:\drone\DCIM\111MEDIA\DJI_0930.JPG,-49.346880444444444,-27.395734027777777,536.719,2026:03:01 16:48:24
111MEDIA,DJI_0931.JPG,D:\drone\DCIM\111MEDIA\DJI_0931.JPG,-49.346879972222226,-27.395734,536.719,2026:03:01 16:48:26
111MEDIA,DJI_0932.JPG,D:\drone\DCIM\111MEDIA\DJI_0932.JPG,-49.34688097222222,-27.395734305555553,536.719,2026:03:01 16:48:28
111MEDIA,DJI_0933.JPG,D:\drone\DCIM\111MEDIA\DJI_0933.JPG,-49.34688055555556,-27.395734583333333,536.719,2026:03:01 16:48:30
111MEDIA,DJI_0934.JPG,D:\drone\DCIM\111MEDIA\DJI_0934.JPG,-49.346873583333334,-27.395726083333333,536.719,2026:03:01 16:48:32
111MEDIA,DJI_0935.JPG,D:\drone\DCIM\111MEDIA\DJI_0935.JPG,-49.34687672222223,-27.395714444444444,536.719,2026:03:01 16:48:34
111MEDIA,DJI_0936.JPG,D:\drone\DCIM\111MEDIA\DJI_0936.JPG,-49.34687963888889,-27.395713083333334,536.719,2026:03:01 16:48:36
111MEDIA,DJI_0937.JPG,D:\drone\DCIM\111MEDIA\DJI_0937.JPG,-49.346879388888894,-27.3957135,536.719,2026:03:01 16:48:38
111MEDIA,DJI_0938.JPG,D:\drone\DCIM\111MEDIA\DJI_0938.JPG,-49.346878861111115,-27.395713277777777,536.719,2026:03:01 16:48:40
111MEDIA,DJI_0939.JPG,D:\drone\DCIM\111MEDIA\DJI_0939.JPG,-49.34687863888889,-27.395713194444443,536.719,2026:03:01 16:48:42
111MEDIA,DJI_0940.JPG,D:\drone\DCIM\111MEDIA\DJI_0940.JPG,-49.34687816666667,-27.39571425,536.719,2026:03:01 16:48:44
111MEDIA,DJI_0941.JPG,D:\drone\DCIM\111MEDIA\DJI_0941.JPG,-49.346877972222224,-27.395714777777776,536.719,2026:03:01 16:48:46
111MEDIA,DJI_0942.JPG,D:\drone\DCIM\111MEDIA\DJI_0942.JPG,-49.34687788888889,-27.395715194444445,536.719,2026:03:01 16:48:48
111MEDIA,DJI_0943.JPG,D:\drone\DCIM\111MEDIA\DJI_0943.JPG,-49.34687602777778,-27.395714694444443,536.719,2026:03:01 16:48:50
111MEDIA,DJI_0944.JPG,D:\drone\DCIM\111MEDIA\DJI_0944.JPG,-49.346869444444444,-27.395714833333333,536.719,2026:03:01 16:48:52
111MEDIA,DJI_0945.JPG,D:\drone\DCIM\111MEDIA\DJI_0945.JPG,-49.346868083333334,-27.395713333333333,536.719,2026:03:01 16:48:54
111MEDIA,DJI_0946.JPG,D:\drone\DCIM\111MEDIA\DJI_0946.JPG,-49.34686602777778,-27.39570663888889,536.719,2026:03:01 16:48:56
111MEDIA,DJI_0947.JPG,D:\drone\DCIM\111MEDIA\DJI_0947.JPG,-49.346866500000004,-27.395704694444444,536.719,2026:03:01 16:48:58
111MEDIA,DJI_0948.JPG,D:\drone\DCIM\111MEDIA\DJI_0948.JPG,-49.34686655555556,-27.39570475,536.719,2026:03:01 16:49:00
111MEDIA,DJI_0949.JPG,D:\drone\DCIM\111MEDIA\DJI_0949.JPG,-49.34686638888889,-27.395704638888887,536.719,2026:03:01 16:49:02
111MEDIA,DJI_0950.JPG,D:\drone\DCIM\111MEDIA\DJI_0950.JPG,-49.34686641666667,-27.39570475,536.719,2026:03:01 16:49:04
111MEDIA,DJI_0951.JPG,D:\drone\DCIM\111MEDIA\DJI_0951.JPG,-49.34686686111112,-27.395704444444444,536.719,2026:03:01 16:49:06
111MEDIA,DJI_0952.JPG,D:\drone\DCIM\111MEDIA\DJI_0952.JPG,-49.346867083333336,-27.39570447222222,536.719,2026:03:01 16:49:08
111MEDIA,DJI_0953.JPG,D:\drone\DCIM\111MEDIA\DJI_0953.JPG,-49.34686719444445,-27.395704416666668,536.719,2026:03:01 16:49:10
111MEDIA,DJI_0954.JPG,D:\drone\DCIM\111MEDIA\DJI_0954.JPG,-49.346868750000006,-27.395704638888887,536.719,2026:03:01 16:49:12
111MEDIA,DJI_0955.JPG,D:\drone\DCIM\111MEDIA\DJI_0955.JPG,-49.346869472222224,-27.39570472222222,537.219,2026:03:01 16:49:14
111MEDIA,DJI_0956.JPG,D:\drone\DCIM\111MEDIA\DJI_0956.JPG,-49.34686941666667,-27.39570486111111,537.219,2026:03:01 16:49:16
111MEDIA,DJI_0957.JPG,D:\drone\DCIM\111MEDIA\DJI_0957.JPG,-49.34687819444445,-27.39570552777778,537.219,2026:03:01 16:49:18
111MEDIA,DJI_0958.JPG,D:\drone\DCIM\111MEDIA\DJI_0958.JPG,-49.34688402777778,-27.395705027777776,537.219,2026:03:01 16:49:20
111MEDIA,DJI_0959.JPG,D:\drone\DCIM\111MEDIA\DJI_0959.JPG,-49.346891250000006,-27.395705083333333,537.219,2026:03:01 16:49:22
111MEDIA,DJI_0960.JPG,D:\drone\DCIM\111MEDIA\DJI_0960.JPG,-49.346891250000006,-27.39570475,537.219,2026:03:01 16:49:24
111MEDIA,DJI_0961.JPG,D:\drone\DCIM\111MEDIA\DJI_0961.JPG,-49.34689222222222,-27.395704277777778,537.219,2026:03:01 16:49:26
111MEDIA,DJI_0962.JPG,D:\drone\DCIM\111MEDIA\DJI_0962.JPG,-49.34689205555556,-27.395703916666665,537.219,2026:03:01 16:49:28
111MEDIA,DJI_0963.JPG,D:\drone\DCIM\111MEDIA\DJI_0963.JPG,-49.34689202777778,-27.395703,537.219,2026:03:01 16:49:30
111MEDIA,DJI_0964.JPG,D:\drone\DCIM\111MEDIA\DJI_0964.JPG,-49.346891944444444,-27.395703416666667,537.219,2026:03:01 16:49:32
111MEDIA,DJI_0965.JPG,D:\drone\DCIM\111MEDIA\DJI_0965.JPG,-49.34689161111111,-27.39570411111111,537.219,2026:03:01 16:49:34
111MEDIA,DJI_0966.JPG,D:\drone\DCIM\111MEDIA\DJI_0966.JPG,-49.34688975,-27.395707777777776,537.219,2026:03:01 16:49:36
111MEDIA,DJI_0967.JPG,D:\drone\DCIM\111MEDIA\DJI_0967.JPG,-49.34688005555556,-27.395719166666666,537.219,2026:03:01 16:49:38
111MEDIA,DJI_0968.JPG,D:\drone\DCIM\111MEDIA\DJI_0968.JPG,-49.34684772222222,-27.39575586111111,537.319,2026:03:01 16:49:40
111MEDIA,DJI_0969.JPG,D:\drone\DCIM\111MEDIA\DJI_0969.JPG,-49.346838194444445,-27.395762777777776,537.219,2026:03:01 16:49:42
111MEDIA,DJI_0970.JPG,D:\drone\DCIM\111MEDIA\DJI_0970.JPG,-49.34683725,-27.395766,537.219,2026:03:01 16:49:44
111MEDIA,DJI_0971.JPG,D:\drone\DCIM\111MEDIA\DJI_0971.JPG,-49.346837416666666,-27.395766666666667,537.319,2026:03:01 16:49:46
111MEDIA,DJI_0972.JPG,D:\drone\DCIM\111MEDIA\DJI_0972.JPG,-49.34683786111111,-27.395767166666666,537.319,2026:03:01 16:49:48
111MEDIA,DJI_0973.JPG,D:\drone\DCIM\111MEDIA\DJI_0973.JPG,-49.34683780555556,-27.395766666666667,537.219,2026:03:01 16:49:50
111MEDIA,DJI_0974.JPG,D:\drone\DCIM\111MEDIA\DJI_0974.JPG,-49.34683752777778,-27.39576597222222,537.219,2026:03:01 16:49:52
111MEDIA,DJI_0975.JPG,D:\drone\DCIM\111MEDIA\DJI_0975.JPG,-49.34683691666667,-27.39576538888889,537.219,2026:03:01 16:49:54
111MEDIA,DJI_0976.JPG,D:\drone\DCIM\111MEDIA\DJI_0976.JPG,-49.34683722222223,-27.395765944444445,537.219,2026:03:01 16:49:56
111MEDIA,DJI_0977.JPG,D:\drone\DCIM\111MEDIA\DJI_0977.JPG,-49.34683802777778,-27.395764916666668,537.219,2026:03:01 16:49:58
111MEDIA,DJI_0978.JPG,D:\drone\DCIM\111MEDIA\DJI_0978.JPG,-49.34683166666667,-27.395772555555556,537.219,2026:03:01 16:50:00
111MEDIA,DJI_0979.JPG,D:\drone\DCIM\111MEDIA\DJI_0979.JPG,-49.34680361111111,-27.395793055555554,537.219,2026:03:01 16:50:02
111MEDIA,DJI_0980.JPG,D:\drone\DCIM\111MEDIA\DJI_0980.JPG,-49.34678163888889,-27.39579975,537.219,2026:03:01 16:50:04
111MEDIA,DJI_0981.JPG,D:\drone\DCIM\111MEDIA\DJI_0981.JPG,-49.34676977777778,-27.39580086111111,537.219,2026:03:01 16:50:06
111MEDIA,DJI_0982.JPG,D:\drone\DCIM\111MEDIA\DJI_0982.JPG,-49.34676408333333,-27.39579488888889,537.219,2026:03:01 16:50:08
111MEDIA,DJI_0983.JPG,D:\drone\DCIM\111MEDIA\DJI_0983.JPG,-49.34676669444445,-27.395791194444445,537.219,2026:03:01 16:50:10
111MEDIA,DJI_0984.JPG,D:\drone\DCIM\111MEDIA\DJI_0984.JPG,-49.34677363888889,-27.395782861111112,537.219,2026:03:01 16:50:12
111MEDIA,DJI_0985.JPG,D:\drone\DCIM\111MEDIA\DJI_0985.JPG,-49.34678127777778,-27.395773833333333,537.219,2026:03:01 16:50:14
111MEDIA,DJI_0986.JPG,D:\drone\DCIM\111MEDIA\DJI_0986.JPG,-49.34678708333333,-27.39576222222222,537.219,2026:03:01 16:50:16
111MEDIA,DJI_0987.JPG,D:\drone\DCIM\111MEDIA\DJI_0987.JPG,-49.34678844444445,-27.395762083333334,537.219,2026:03:01 16:50:18
111MEDIA,DJI_0988.JPG,D:\drone\DCIM\111MEDIA\DJI_0988.JPG,-49.34678916666667,-27.39576236111111,537.219,2026:03:01 16:50:20
111MEDIA,DJI_0989.JPG,D:\drone\DCIM\111MEDIA\DJI_0989.JPG,-49.346789361111114,-27.395762944444446,537.219,2026:03:01 16:50:22
111MEDIA,DJI_0990.JPG,D:\drone\DCIM\111MEDIA\DJI_0990.JPG,-49.34678916666667,-27.395763083333332,537.219,2026:03:01 16:50:24
111MEDIA,DJI_0991.JPG,D:\drone\DCIM\111MEDIA\DJI_0991.JPG,-49.34676047222222,-27.39576452777778,537.219,2026:03:01 16:50:26
111MEDIA,DJI_0992.JPG,D:\drone\DCIM\111MEDIA\DJI_0992.JPG,-49.346714694444444,-27.395753083333332,537.219,2026:03:01 16:50:28
111MEDIA,DJI_0993.JPG,D:\drone\DCIM\111MEDIA\DJI_0993.JPG,-49.34671594444445,-27.39574975,537.219,2026:03:01 16:50:30
111MEDIA,DJI_0994.JPG,D:\drone\DCIM\111MEDIA\DJI_0994.JPG,-49.34671602777778,-27.39575225,537.119,2026:03:01 16:50:32
111MEDIA,DJI_0995.JPG,D:\drone\DCIM\111MEDIA\DJI_0995.JPG,-49.34671622222223,-27.39575261111111,537.019,2026:03:01 16:50:34
111MEDIA,DJI_0996.JPG,D:\drone\DCIM\111MEDIA\DJI_0996.JPG,-49.346716444444446,-27.39575263888889,537.019,2026:03:01 16:50:36
111MEDIA,DJI_0997.JPG,D:\drone\DCIM\111MEDIA\DJI_0997.JPG,-49.34671577777778,-27.395752333333334,537.019,2026:03:01 16:50:38
111MEDIA,DJI_0998.JPG,D:\drone\DCIM\111MEDIA\DJI_0998.JPG,-49.34671580555556,-27.395752305555554,537.619,2026:03:01 16:50:40
111MEDIA,DJI_0999.JPG,D:\drone\DCIM\111MEDIA\DJI_0999.JPG,-49.34671577777778,-27.395752583333334,537.719,2026:03:01 16:50:42
